{
    "applicationName": "ManualAnnotations",
    "recordingID": "OKDDM9_2018-7-24-13H32M20S73",
    "intervals": [
        {
            "start": "00:00:06.720",
            "end": "00:00:08.460",
            "annotations": {
                "compReleaseDepth": "1",
                "classDepth": "0",
                "classRate": "1",
                "compMeanRate": "110",
                "compDepth": "19.75",
                "classRelease": "0",
                "armsLocked": "0",
                "bodyWeight": "0"
            }
        },
        {
            "start": "00:00:10.280",
            "end": "00:00:10.800",
            "annotations": {
                "compReleaseDepth": "5",
                "classDepth": "0",
                "classRate": "1",
                "compMeanRate": "110",
                "compDepth": "61.5900002",
                "classRelease": "0",
                "armsLocked": "0",
                "bodyWeight": "1"
            }
        },
        {
            "start": "00:00:10.890",
            "end": "00:00:11.300",
            "annotations": {
                "compReleaseDepth": "5",
                "classDepth": "0",
                "classRate": "1",
                "compMeanRate": "110",
                "compDepth": "63.4099998",
                "classRelease": "0",
                "armsLocked": "0",
                "bodyWeight": "1"
            }
        },
        {
            "start": "00:00:11.390",
            "end": "00:00:11.840",
            "annotations": {
                "compReleaseDepth": "5",
                "classDepth": "0",
                "classRate": "1",
                "compMeanRate": "113",
                "compDepth": "63.4099998",
                "classRelease": "0",
                "armsLocked": "0",
                "bodyWeight": "1"
            }
        },
        {
            "start": "00:00:11.910",
            "end": "00:00:12.360",
            "annotations": {
                "compReleaseDepth": "5.55999994",
                "classDepth": "1",
                "classRate": "1",
                "compMeanRate": "114",
                "compDepth": "60.6800003",
                "classRelease": "0",
                "armsLocked": "1",
                "bodyWeight": "1"
            }
        },
        {
            "start": "00:00:12.410",
            "end": "00:00:12.870",
            "annotations": {
                "compReleaseDepth": "5",
                "classDepth": "0",
                "classRate": "1",
                "compMeanRate": "116",
                "compDepth": "62.7299995",
                "classRelease": "0",
                "armsLocked": "1",
                "bodyWeight": "1"
            }
        },
        {
            "start": "00:00:12.930",
            "end": "00:00:13.430",
            "annotations": {
                "compReleaseDepth": "3.5",
                "classDepth": "0",
                "classRate": "1",
                "compMeanRate": "113",
                "compDepth": "62.0499992",
                "classRelease": "0",
                "armsLocked": "1",
                "bodyWeight": "1"
            }
        },
        {
            "start": "00:00:13.500",
            "end": "00:00:13.940",
            "annotations": {
                "compReleaseDepth": "3",
                "classDepth": "0",
                "classRate": "1",
                "compMeanRate": "114",
                "compDepth": "62.9499969",
                "classRelease": "0",
                "armsLocked": "1",
                "bodyWeight": "1"
            }
        },
        {
            "start": "00:00:14.010",
            "end": "00:00:14.460",
            "annotations": {
                "compReleaseDepth": "5",
                "classDepth": "0",
                "classRate": "1",
                "compMeanRate": "115",
                "compDepth": "62.9499969",
                "classRelease": "0",
                "armsLocked": "1",
                "bodyWeight": "1"
            }
        },
        {
            "start": "00:00:14.510",
            "end": "00:00:14.970",
            "annotations": {
                "compReleaseDepth": "4.5",
                "classDepth": "0",
                "classRate": "1",
                "compMeanRate": "120",
                "compDepth": "63.4099998",
                "classRelease": "0",
                "armsLocked": "1",
                "bodyWeight": "1"
            }
        },
        {
            "start": "00:00:15.000",
            "end": "00:00:15.480",
            "annotations": {
                "compReleaseDepth": "4.5",
                "classDepth": "0",
                "classRate": "0",
                "compMeanRate": "121",
                "compDepth": "63.6399994",
                "classRelease": "0",
                "armsLocked": "1",
                "bodyWeight": "1"
            }
        },
        {
            "start": "00:00:15.510",
            "end": "00:00:15.980",
            "annotations": {
                "compReleaseDepth": "5",
                "classDepth": "0",
                "classRate": "1",
                "compMeanRate": "120",
                "compDepth": "63.1800003",
                "classRelease": "0",
                "armsLocked": "1",
                "bodyWeight": "1"
            }
        },
        {
            "start": "00:00:16.030",
            "end": "00:00:16.510",
            "annotations": {
                "compReleaseDepth": "5.55999994",
                "classDepth": "1",
                "classRate": "1",
                "compMeanRate": "116",
                "compDepth": "62.2700005",
                "classRelease": "0",
                "armsLocked": "1",
                "bodyWeight": "1"
            }
        },
        {
            "start": "00:00:16.520",
            "end": "00:00:16.990",
            "annotations": {
                "compReleaseDepth": "5",
                "classDepth": "0",
                "classRate": "1",
                "compMeanRate": "116",
                "compDepth": "62.9499969",
                "classRelease": "0",
                "armsLocked": "1",
                "bodyWeight": "1"
            }
        },
        {
            "start": "00:00:17.040",
            "end": "00:00:17.490",
            "annotations": {
                "compReleaseDepth": "5",
                "classDepth": "0",
                "classRate": "1",
                "compMeanRate": "118",
                "compDepth": "63.8599968",
                "classRelease": "0",
                "armsLocked": "1",
                "bodyWeight": "1"
            }
        },
        {
            "start": "00:00:17.550",
            "end": "00:00:17.990",
            "annotations": {
                "compReleaseDepth": "5",
                "classDepth": "0",
                "classRate": "1",
                "compMeanRate": "120",
                "compDepth": "63.8599968",
                "classRelease": "0",
                "armsLocked": "1",
                "bodyWeight": "1"
            }
        },
        {
            "start": "00:00:18.040",
            "end": "00:00:18.470",
            "annotations": {
                "compReleaseDepth": "5",
                "classDepth": "0",
                "classRate": "1",
                "compMeanRate": "120",
                "compDepth": "63.8599968",
                "classRelease": "0",
                "armsLocked": "1",
                "bodyWeight": "1"
            }
        },
        {
            "start": "00:00:18.540",
            "end": "00:00:18.980",
            "annotations": {
                "compReleaseDepth": "6.10999966",
                "classDepth": "1",
                "classRate": "1",
                "compMeanRate": "120",
                "compDepth": "63.6399994",
                "classRelease": "0",
                "armsLocked": "1",
                "bodyWeight": "1"
            }
        },
        {
            "start": "00:00:19.030",
            "end": "00:00:19.500",
            "annotations": {
                "compReleaseDepth": "6.10999966",
                "classDepth": "1",
                "classRate": "1",
                "compMeanRate": "119",
                "compDepth": "63.6399994",
                "classRelease": "0",
                "armsLocked": "1",
                "bodyWeight": "1"
            }
        },
        {
            "start": "00:00:19.540",
            "end": "00:00:20.020",
            "annotations": {
                "compReleaseDepth": "5.55999994",
                "classDepth": "1",
                "classRate": "1",
                "compMeanRate": "118",
                "compDepth": "63.6399994",
                "classRelease": "0",
                "armsLocked": "1",
                "bodyWeight": "1"
            }
        },
        {
            "start": "00:00:20.050",
            "end": "00:00:20.520",
            "annotations": {
                "compReleaseDepth": "7.21999979",
                "classDepth": "1",
                "classRate": "1",
                "compMeanRate": "118",
                "compDepth": "63.6399994",
                "classRelease": "0",
                "armsLocked": "1",
                "bodyWeight": "1"
            }
        },
        {
            "start": "00:00:20.560",
            "end": "00:00:21.040",
            "annotations": {
                "compReleaseDepth": "5.27999973",
                "classDepth": "1",
                "classRate": "1",
                "compMeanRate": "118",
                "compDepth": "63.8599968",
                "classRelease": "0",
                "armsLocked": "1",
                "bodyWeight": "1"
            }
        },
        {
            "start": "00:00:21.080",
            "end": "00:00:21.550",
            "annotations": {
                "compReleaseDepth": "6.10999966",
                "classDepth": "1",
                "classRate": "1",
                "compMeanRate": "118",
                "compDepth": "63.8599968",
                "classRelease": "0",
                "armsLocked": "1",
                "bodyWeight": "1"
            }
        },
        {
            "start": "00:00:21.590",
            "end": "00:00:22.050",
            "annotations": {
                "compReleaseDepth": "7.21999979",
                "classDepth": "1",
                "classRate": "1",
                "compMeanRate": "117",
                "compDepth": "62.9499969",
                "classRelease": "0",
                "armsLocked": "1",
                "bodyWeight": "1"
            }
        },
        {
            "start": "00:00:22.080",
            "end": "00:00:22.540",
            "annotations": {
                "compReleaseDepth": "7.5",
                "classDepth": "1",
                "classRate": "1",
                "compMeanRate": "119",
                "compDepth": "63.8599968",
                "classRelease": "0",
                "armsLocked": "1",
                "bodyWeight": "1"
            }
        },
        {
            "start": "00:00:22.570",
            "end": "00:00:23.040",
            "annotations": {
                "compReleaseDepth": "7.21999979",
                "classDepth": "1",
                "classRate": "1",
                "compMeanRate": "119",
                "compDepth": "63.8599968",
                "classRelease": "0",
                "armsLocked": "1",
                "bodyWeight": "1"
            }
        },
        {
            "start": "00:00:23.070",
            "end": "00:00:23.570",
            "annotations": {
                "compReleaseDepth": "8.32999992",
                "classDepth": "1",
                "classRate": "1",
                "compMeanRate": "120",
                "compDepth": "63.6399994",
                "classRelease": "0",
                "armsLocked": "1",
                "bodyWeight": "1"
            }
        },
        {
            "start": "00:00:23.580",
            "end": "00:00:24.030",
            "annotations": {
                "compReleaseDepth": "7.21999979",
                "classDepth": "1",
                "classRate": "1",
                "compMeanRate": "120",
                "compDepth": "63.4099998",
                "classRelease": "0",
                "armsLocked": "1",
                "bodyWeight": "1"
            }
        },
        {
            "start": "00:00:24.080",
            "end": "00:00:24.530",
            "annotations": {
                "compReleaseDepth": "7.21999979",
                "classDepth": "1",
                "classRate": "1",
                "compMeanRate": "120",
                "compDepth": "63.6399994",
                "classRelease": "0",
                "armsLocked": "1",
                "bodyWeight": "1"
            }
        },
        {
            "start": "00:00:24.580",
            "end": "00:00:25.040",
            "annotations": {
                "compReleaseDepth": "7.77999973",
                "classDepth": "1",
                "classRate": "1",
                "compMeanRate": "120",
                "compDepth": "63.8599968",
                "classRelease": "0",
                "armsLocked": "1",
                "bodyWeight": "1"
            }
        },
        {
            "start": "00:00:25.080",
            "end": "00:00:25.550",
            "annotations": {
                "compReleaseDepth": "7.77999973",
                "classDepth": "1",
                "classRate": "1",
                "compMeanRate": "120",
                "compDepth": "63.8599968",
                "classRelease": "0",
                "armsLocked": "1",
                "bodyWeight": "1"
            }
        },
        {
            "start": "00:00:25.580",
            "end": "00:00:26.040",
            "annotations": {
                "compReleaseDepth": "8.32999992",
                "classDepth": "1",
                "classRate": "1",
                "compMeanRate": "119",
                "compDepth": "63.8599968",
                "classRelease": "0",
                "armsLocked": "1",
                "bodyWeight": "1"
            }
        },
        {
            "start": "00:00:26.090",
            "end": "00:00:26.610",
            "annotations": {
                "compReleaseDepth": "12.6300001",
                "classDepth": "0",
                "classRate": "1",
                "compMeanRate": "116",
                "compDepth": "58.8099976",
                "classRelease": "1",
                "armsLocked": "1",
                "bodyWeight": "1"
            }
        },
        {
            "start": "00:00:26.640",
            "end": "00:00:27.080",
            "annotations": {
                "compReleaseDepth": "9.43999958",
                "classDepth": "1",
                "classRate": "1",
                "compMeanRate": "116",
                "compDepth": "62.9499969",
                "classRelease": "0",
                "armsLocked": "1",
                "bodyWeight": "1"
            }
        },
        {
            "start": "00:00:27.120",
            "end": "00:00:27.580",
            "annotations": {
                "compReleaseDepth": "9.43999958",
                "classDepth": "1",
                "classRate": "1",
                "compMeanRate": "116",
                "compDepth": "63.4099998",
                "classRelease": "0",
                "armsLocked": "1",
                "bodyWeight": "1"
            }
        },
        {
            "start": "00:00:27.630",
            "end": "00:00:28.090",
            "annotations": {
                "compReleaseDepth": "9.71999931",
                "classDepth": "1",
                "classRate": "1",
                "compMeanRate": "120",
                "compDepth": "63.8599968",
                "classRelease": "0",
                "armsLocked": "1",
                "bodyWeight": "1"
            }
        },
        {
            "start": "00:00:28.130",
            "end": "00:00:28.610",
            "annotations": {
                "compReleaseDepth": "9.43999958",
                "classDepth": "1",
                "classRate": "1",
                "compMeanRate": "120",
                "compDepth": "63.6399994",
                "classRelease": "0",
                "armsLocked": "1",
                "bodyWeight": "1"
            }
        },
        {
            "start": "00:00:28.650",
            "end": "00:00:29.110",
            "annotations": {
                "compReleaseDepth": "8.32999992",
                "classDepth": "1",
                "classRate": "1",
                "compMeanRate": "119",
                "compDepth": "63.4099998",
                "classRelease": "0",
                "armsLocked": "1",
                "bodyWeight": "1"
            }
        },
        {
            "start": "00:00:29.150",
            "end": "00:00:29.640",
            "annotations": {
                "compReleaseDepth": "9.17000008",
                "classDepth": "1",
                "classRate": "1",
                "compMeanRate": "115",
                "compDepth": "62.9499969",
                "classRelease": "0",
                "armsLocked": "1",
                "bodyWeight": "1"
            }
        },
        {
            "start": "00:00:29.680",
            "end": "00:00:30.220",
            "annotations": {
                "compReleaseDepth": "7.77999973",
                "classDepth": "1",
                "classRate": "1",
                "compMeanRate": "113",
                "compDepth": "62.0499992",
                "classRelease": "0",
                "armsLocked": "1",
                "bodyWeight": "1"
            }
        },
        {
            "start": "00:00:30.240",
            "end": "00:00:30.660",
            "annotations": {
                "compReleaseDepth": "11.5799999",
                "classDepth": "0",
                "classRate": "1",
                "compMeanRate": "114",
                "compDepth": "63.8599968",
                "classRelease": "0",
                "armsLocked": "1",
                "bodyWeight": "1"
            }
        },
        {
            "start": "00:00:30.720",
            "end": "00:00:31.560",
            "annotations": {
                "compReleaseDepth": "10",
                "classDepth": "0",
                "classRate": "1",
                "compMeanRate": "117",
                "compDepth": "58.329998",
                "classRelease": "1",
                "armsLocked": "1",
                "bodyWeight": "1"
            }
        },
        {
            "start": "00:00:33.730",
            "end": "00:00:34.140",
            "annotations": {
                "compReleaseDepth": "6.10999966",
                "classDepth": "1",
                "classRate": "1",
                "compMeanRate": "120",
                "compDepth": "55.7099991",
                "classRelease": "1",
                "armsLocked": "1",
                "bodyWeight": "0"
            }
        },
        {
            "start": "00:00:34.210",
            "end": "00:00:34.590",
            "annotations": {
                "compReleaseDepth": "6.10999966",
                "classDepth": "1",
                "classRate": "0",
                "compMeanRate": "125",
                "compDepth": "55.2399979",
                "classRelease": "1",
                "armsLocked": "1",
                "bodyWeight": "0"
            }
        },
        {
            "start": "00:00:34.660",
            "end": "00:00:35.070",
            "annotations": {
                "compReleaseDepth": "6.10999966",
                "classDepth": "1",
                "classRate": "0",
                "compMeanRate": "126",
                "compDepth": "53.6399994",
                "classRelease": "1",
                "armsLocked": "1",
                "bodyWeight": "0"
            }
        },
        {
            "start": "00:00:35.160",
            "end": "00:00:35.570",
            "annotations": {
                "compReleaseDepth": "6.94000006",
                "classDepth": "1",
                "classRate": "0",
                "compMeanRate": "126",
                "compDepth": "50.9099998",
                "classRelease": "1",
                "armsLocked": "1",
                "bodyWeight": "0"
            }
        },
        {
            "start": "00:00:35.680",
            "end": "00:00:36.120",
            "annotations": {
                "compReleaseDepth": "7.21999979",
                "classDepth": "1",
                "classRate": "1",
                "compMeanRate": "117",
                "compDepth": "49.0499992",
                "classRelease": "0",
                "armsLocked": "1",
                "bodyWeight": "0"
            }
        },
        {
            "start": "00:00:36.270",
            "end": "00:00:36.770",
            "annotations": {
                "compReleaseDepth": "6.94000006",
                "classDepth": "1",
                "classRate": "1",
                "compMeanRate": "112",
                "compDepth": "49.0499992",
                "classRelease": "0",
                "armsLocked": "1",
                "bodyWeight": "0"
            }
        },
        {
            "start": "00:00:36.830",
            "end": "00:00:37.390",
            "annotations": {
                "compReleaseDepth": "6.94000006",
                "classDepth": "1",
                "classRate": "1",
                "compMeanRate": "105",
                "compDepth": "44.25",
                "classRelease": "0",
                "armsLocked": "1",
                "bodyWeight": "0"
            }
        },
        {
            "start": "00:00:37.430",
            "end": "00:00:37.910",
            "annotations": {
                "compReleaseDepth": "5",
                "classDepth": "0",
                "classRate": "1",
                "compMeanRate": "107",
                "compDepth": "53.4099998",
                "classRelease": "1",
                "armsLocked": "1",
                "bodyWeight": "0"
            }
        },
        {
            "start": "00:00:37.960",
            "end": "00:00:38.450",
            "annotations": {
                "compReleaseDepth": "3.5",
                "classDepth": "0",
                "classRate": "1",
                "compMeanRate": "108",
                "compDepth": "53.6399994",
                "classRelease": "1",
                "armsLocked": "1",
                "bodyWeight": "0"
            }
        },
        {
            "start": "00:00:38.480",
            "end": "00:00:38.950",
            "annotations": {
                "compReleaseDepth": "3",
                "classDepth": "0",
                "classRate": "1",
                "compMeanRate": "115",
                "compDepth": "49.0499992",
                "classRelease": "0",
                "armsLocked": "1",
                "bodyWeight": "0"
            }
        },
        {
            "start": "00:00:39.000",
            "end": "00:00:39.510",
            "annotations": {
                "compReleaseDepth": "3",
                "classDepth": "0",
                "classRate": "1",
                "compMeanRate": "116",
                "compDepth": "44.25",
                "classRelease": "0",
                "armsLocked": "1",
                "bodyWeight": "0"
            }
        },
        {
            "start": "00:00:39.590",
            "end": "00:00:40.090",
            "annotations": {
                "compReleaseDepth": "2",
                "classDepth": "0",
                "classRate": "1",
                "compMeanRate": "113",
                "compDepth": "51.8199997",
                "classRelease": "1",
                "armsLocked": "1",
                "bodyWeight": "0"
            }
        },
        {
            "start": "00:00:40.110",
            "end": "00:00:40.430",
            "annotations": {
                "compReleaseDepth": "3",
                "classDepth": "0",
                "classRate": "1",
                "compMeanRate": "109",
                "compDepth": "44.75",
                "classRelease": "0",
                "armsLocked": "1",
                "bodyWeight": "0"
            }
        },
        {
            "start": "00:00:40.630",
            "end": "00:00:41.120",
            "annotations": {
                "compReleaseDepth": "1",
                "classDepth": "0",
                "classRate": "1",
                "compMeanRate": "110",
                "compDepth": "53.6399994",
                "classRelease": "1",
                "armsLocked": "1",
                "bodyWeight": "0"
            }
        },
        {
            "start": "00:00:41.160",
            "end": "00:00:41.670",
            "annotations": {
                "compReleaseDepth": "2",
                "classDepth": "0",
                "classRate": "1",
                "compMeanRate": "113",
                "compDepth": "50.9099998",
                "classRelease": "1",
                "armsLocked": "1",
                "bodyWeight": "0"
            }
        },
        {
            "start": "00:00:41.690",
            "end": "00:00:42.010",
            "annotations": {
                "compReleaseDepth": "3",
                "classDepth": "0",
                "classRate": "1",
                "compMeanRate": "116",
                "compDepth": "49.0499992",
                "classRelease": "0",
                "armsLocked": "1",
                "bodyWeight": "0"
            }
        },
        {
            "start": "00:00:42.190",
            "end": "00:00:42.720",
            "annotations": {
                "compReleaseDepth": "1",
                "classDepth": "0",
                "classRate": "1",
                "compMeanRate": "115",
                "compDepth": "43.75",
                "classRelease": "0",
                "armsLocked": "1",
                "bodyWeight": "0"
            }
        },
        {
            "start": "00:00:42.750",
            "end": "00:00:43.290",
            "annotations": {
                "compReleaseDepth": "1",
                "classDepth": "0",
                "classRate": "1",
                "compMeanRate": "114",
                "compDepth": "46.1899986",
                "classRelease": "0",
                "armsLocked": "1",
                "bodyWeight": "0"
            }
        },
        {
            "start": "00:00:43.310",
            "end": "00:00:43.720",
            "annotations": {
                "compReleaseDepth": "5.55999994",
                "classDepth": "1",
                "classRate": "1",
                "compMeanRate": "112",
                "compDepth": "43.25",
                "classRelease": "0",
                "armsLocked": "1",
                "bodyWeight": "0"
            }
        },
        {
            "start": "00:00:43.750",
            "end": "00:00:44.240",
            "annotations": {
                "compReleaseDepth": "3.5",
                "classDepth": "0",
                "classRate": "1",
                "compMeanRate": "113",
                "compDepth": "46.1899986",
                "classRelease": "0",
                "armsLocked": "1",
                "bodyWeight": "0"
            }
        },
        {
            "start": "00:00:44.260",
            "end": "00:00:44.770",
            "annotations": {
                "compReleaseDepth": "3",
                "classDepth": "0",
                "classRate": "1",
                "compMeanRate": "116",
                "compDepth": "46.1899986",
                "classRelease": "0",
                "armsLocked": "1",
                "bodyWeight": "0"
            }
        },
        {
            "start": "00:00:44.820",
            "end": "00:00:45.340",
            "annotations": {
                "compReleaseDepth": "2.5",
                "classDepth": "0",
                "classRate": "1",
                "compMeanRate": "117",
                "compDepth": "47.8600006",
                "classRelease": "0",
                "armsLocked": "1",
                "bodyWeight": "0"
            }
        },
        {
            "start": "00:00:45.380",
            "end": "00:00:45.850",
            "annotations": {
                "compReleaseDepth": "4",
                "classDepth": "0",
                "classRate": "1",
                "compMeanRate": "113",
                "compDepth": "47.1399994",
                "classRelease": "0",
                "armsLocked": "1",
                "bodyWeight": "0"
            }
        },
        {
            "start": "00:00:45.860",
            "end": "00:00:46.330",
            "annotations": {
                "compReleaseDepth": "3",
                "classDepth": "0",
                "classRate": "1",
                "compMeanRate": "112",
                "compDepth": "47.8600006",
                "classRelease": "0",
                "armsLocked": "1",
                "bodyWeight": "0"
            }
        },
        {
            "start": "00:00:46.360",
            "end": "00:00:46.870",
            "annotations": {
                "compReleaseDepth": "3",
                "classDepth": "0",
                "classRate": "1",
                "compMeanRate": "116",
                "compDepth": "49.2899971",
                "classRelease": "0",
                "armsLocked": "1",
                "bodyWeight": "0"
            }
        },
        {
            "start": "00:00:46.880",
            "end": "00:00:47.350",
            "annotations": {
                "compReleaseDepth": "4",
                "classDepth": "0",
                "classRate": "1",
                "compMeanRate": "117",
                "compDepth": "49.0499992",
                "classRelease": "0",
                "armsLocked": "1",
                "bodyWeight": "0"
            }
        },
        {
            "start": "00:00:47.390",
            "end": "00:00:47.820",
            "annotations": {
                "compReleaseDepth": "5",
                "classDepth": "0",
                "classRate": "1",
                "compMeanRate": "117",
                "compDepth": "50",
                "classRelease": "1",
                "armsLocked": "1",
                "bodyWeight": "0"
            }
        },
        {
            "start": "00:00:47.940",
            "end": "00:00:48.460",
            "annotations": {
                "compReleaseDepth": "2.5",
                "classDepth": "0",
                "classRate": "1",
                "compMeanRate": "115",
                "compDepth": "45.4799995",
                "classRelease": "0",
                "armsLocked": "1",
                "bodyWeight": "0"
            }
        },
        {
            "start": "00:00:48.470",
            "end": "00:00:48.920",
            "annotations": {
                "compReleaseDepth": "3",
                "classDepth": "0",
                "classRate": "1",
                "compMeanRate": "113",
                "compDepth": "47.1399994",
                "classRelease": "0",
                "armsLocked": "1",
                "bodyWeight": "0"
            }
        },
        {
            "start": "00:00:48.990",
            "end": "00:00:49.450",
            "annotations": {
                "compReleaseDepth": "3",
                "classDepth": "0",
                "classRate": "1",
                "compMeanRate": "114",
                "compDepth": "45.4799995",
                "classRelease": "0",
                "armsLocked": "1",
                "bodyWeight": "0"
            }
        },
        {
            "start": "00:00:49.480",
            "end": "00:00:50.030",
            "annotations": {
                "compReleaseDepth": "3.5",
                "classDepth": "0",
                "classRate": "1",
                "compMeanRate": "116",
                "compDepth": "50",
                "classRelease": "1",
                "armsLocked": "1",
                "bodyWeight": "0"
            }
        },
        {
            "start": "00:00:50.160",
            "end": "00:00:50.690",
            "annotations": {
                "compReleaseDepth": "7.21999979",
                "classDepth": "1",
                "classRate": "1",
                "compMeanRate": "106",
                "compDepth": "45.2399979",
                "classRelease": "0",
                "armsLocked": "0",
                "bodyWeight": "0"
            }
        },
        {
            "start": "00:00:50.710",
            "end": "00:00:51.080",
            "annotations": {
                "compReleaseDepth": "5.55999994",
                "classDepth": "1",
                "classRate": "1",
                "compMeanRate": "114",
                "compDepth": "54.5499992",
                "classRelease": "1",
                "armsLocked": "0",
                "bodyWeight": "0"
            }
        },
        {
            "start": "00:00:51.080",
            "end": "00:00:51.410",
            "annotations": {
                "compReleaseDepth": "3.5",
                "classDepth": "0",
                "classRate": "0",
                "compMeanRate": "123",
                "compDepth": "61.1399994",
                "classRelease": "0",
                "armsLocked": "0",
                "bodyWeight": "0"
            }
        },
        {
            "start": "00:00:51.500",
            "end": "00:00:51.820",
            "annotations": {
                "compReleaseDepth": "3",
                "classDepth": "0",
                "classRate": "0",
                "compMeanRate": "142",
                "compDepth": "62.2700005",
                "classRelease": "0",
                "armsLocked": "0",
                "bodyWeight": "0"
            }
        },
        {
            "start": "00:00:51.960",
            "end": "00:00:52.280",
            "annotations": {
                "compReleaseDepth": "5",
                "classDepth": "0",
                "classRate": "0",
                "compMeanRate": "137",
                "compDepth": "61.1399994",
                "classRelease": "0",
                "armsLocked": "0",
                "bodyWeight": "0"
            }
        },
        {
            "start": "00:00:52.390",
            "end": "00:00:52.740",
            "annotations": {
                "compReleaseDepth": "5.27999973",
                "classDepth": "1",
                "classRate": "0",
                "compMeanRate": "135",
                "compDepth": "57.3799973",
                "classRelease": "1",
                "armsLocked": "0",
                "bodyWeight": "0"
            }
        },
        {
            "start": "00:00:52.840",
            "end": "00:00:53.190",
            "annotations": {
                "compReleaseDepth": "6.10999966",
                "classDepth": "1",
                "classRate": "0",
                "compMeanRate": "134",
                "compDepth": "58.329998",
                "classRelease": "1",
                "armsLocked": "0",
                "bodyWeight": "0"
            }
        },
        {
            "start": "00:00:53.320",
            "end": "00:00:53.710",
            "annotations": {
                "compReleaseDepth": "4.5",
                "classDepth": "0",
                "classRate": "0",
                "compMeanRate": "133",
                "compDepth": "58.329998",
                "classRelease": "1",
                "armsLocked": "0",
                "bodyWeight": "0"
            }
        },
        {
            "start": "00:00:53.760",
            "end": "00:00:54.080",
            "annotations": {
                "compReleaseDepth": "2",
                "classDepth": "0",
                "classRate": "0",
                "compMeanRate": "131",
                "compDepth": "59.2899971",
                "classRelease": "1",
                "armsLocked": "0",
                "bodyWeight": "0"
            }
        },
        {
            "start": "00:00:54.240",
            "end": "00:00:54.600",
            "annotations": {
                "compReleaseDepth": "6.10999966",
                "classDepth": "1",
                "classRate": "0",
                "compMeanRate": "127",
                "compDepth": "55",
                "classRelease": "1",
                "armsLocked": "0",
                "bodyWeight": "0"
            }
        },
        {
            "start": "00:00:54.700",
            "end": "00:00:55.030",
            "annotations": {
                "compReleaseDepth": "6.10999966",
                "classDepth": "1",
                "classRate": "0",
                "compMeanRate": "129",
                "compDepth": "56.8999977",
                "classRelease": "1",
                "armsLocked": "0",
                "bodyWeight": "0"
            }
        },
        {
            "start": "00:00:55.160",
            "end": "00:00:55.580",
            "annotations": {
                "compReleaseDepth": "5.27999973",
                "classDepth": "1",
                "classRate": "0",
                "compMeanRate": "127",
                "compDepth": "49.7599983",
                "classRelease": "0",
                "armsLocked": "0",
                "bodyWeight": "0"
            }
        },
        {
            "start": "00:00:55.610",
            "end": "00:00:56.020",
            "annotations": {
                "compReleaseDepth": "4",
                "classDepth": "0",
                "classRate": "0",
                "compMeanRate": "131",
                "compDepth": "56.8999977",
                "classRelease": "1",
                "armsLocked": "0",
                "bodyWeight": "0"
            }
        },
        {
            "start": "00:00:56.070",
            "end": "00:00:56.450",
            "annotations": {
                "compReleaseDepth": "3",
                "classDepth": "0",
                "classRate": "0",
                "compMeanRate": "132",
                "compDepth": "56.4300003",
                "classRelease": "1",
                "armsLocked": "0",
                "bodyWeight": "0"
            }
        },
        {
            "start": "00:00:56.500",
            "end": "00:00:56.810",
            "annotations": {
                "compReleaseDepth": "4.5",
                "classDepth": "0",
                "classRate": "0",
                "compMeanRate": "136",
                "compDepth": "50",
                "classRelease": "1",
                "armsLocked": "0",
                "bodyWeight": "0"
            }
        },
        {
            "start": "00:00:56.940",
            "end": "00:00:57.350",
            "annotations": {
                "compReleaseDepth": "5.27999973",
                "classDepth": "1",
                "classRate": "0",
                "compMeanRate": "136",
                "compDepth": "54.0900002",
                "classRelease": "1",
                "armsLocked": "0",
                "bodyWeight": "0"
            }
        },
        {
            "start": "00:00:57.390",
            "end": "00:00:57.710",
            "annotations": {
                "compReleaseDepth": "3",
                "classDepth": "0",
                "classRate": "0",
                "compMeanRate": "135",
                "compDepth": "53.1800003",
                "classRelease": "1",
                "armsLocked": "0",
                "bodyWeight": "0"
            }
        },
        {
            "start": "00:00:57.850",
            "end": "00:00:58.370",
            "annotations": {
                "compReleaseDepth": "5",
                "classDepth": "0",
                "classRate": "0",
                "compMeanRate": "128",
                "compDepth": "43.25",
                "classRelease": "0",
                "armsLocked": "0",
                "bodyWeight": "0"
            }
        },
        {
            "start": "00:00:58.450",
            "end": "00:00:58.860",
            "annotations": {
                "compReleaseDepth": "3",
                "classDepth": "0",
                "classRate": "0",
                "compMeanRate": "123",
                "compDepth": "55.2399979",
                "classRelease": "1",
                "armsLocked": "0",
                "bodyWeight": "0"
            }
        },
        {
            "start": "00:00:58.930",
            "end": "00:00:59.340",
            "annotations": {
                "compReleaseDepth": "4.5",
                "classDepth": "0",
                "classRate": "1",
                "compMeanRate": "117",
                "compDepth": "54.5499992",
                "classRelease": "1",
                "armsLocked": "0",
                "bodyWeight": "0"
            }
        },
        {
            "start": "00:00:59.430",
            "end": "00:00:59.780",
            "annotations": {
                "compReleaseDepth": "5",
                "classDepth": "0",
                "classRate": "1",
                "compMeanRate": "117",
                "compDepth": "53.8600006",
                "classRelease": "1",
                "armsLocked": "0",
                "bodyWeight": "0"
            }
        },
        {
            "start": "00:00:59.930",
            "end": "00:01:00.300",
            "annotations": {
                "compReleaseDepth": "5",
                "classDepth": "0",
                "classRate": "1",
                "compMeanRate": "117",
                "compDepth": "57.3799973",
                "classRelease": "1",
                "armsLocked": "0",
                "bodyWeight": "0"
            }
        },
        {
            "start": "00:01:00.390",
            "end": "00:01:00.760",
            "annotations": {
                "compReleaseDepth": "6.94000006",
                "classDepth": "1",
                "classRate": "0",
                "compMeanRate": "121",
                "compDepth": "50",
                "classRelease": "1",
                "armsLocked": "0",
                "bodyWeight": "0"
            }
        },
        {
            "start": "00:01:00.830",
            "end": "00:01:01.160",
            "annotations": {
                "compReleaseDepth": "3.5",
                "classDepth": "0",
                "classRate": "0",
                "compMeanRate": "131",
                "compDepth": "55.7099991",
                "classRelease": "1",
                "armsLocked": "0",
                "bodyWeight": "0"
            }
        },
        {
            "start": "00:01:01.230",
            "end": "00:01:01.640",
            "annotations": {
                "compReleaseDepth": "7.21999979",
                "classDepth": "1",
                "classRate": "0",
                "compMeanRate": "134",
                "compDepth": "27.75",
                "classRelease": "0",
                "armsLocked": "0",
                "bodyWeight": "0"
            }
        },
        {
            "start": "00:01:01.670",
            "end": "00:01:02.030",
            "annotations": {
                "compReleaseDepth": "3",
                "classDepth": "0",
                "classRate": "0",
                "compMeanRate": "151",
                "compDepth": "55.4799995",
                "classRelease": "1",
                "armsLocked": "0",
                "bodyWeight": "0"
            }
        },
        {
            "start": "00:01:02.110",
            "end": "00:01:02.520",
            "annotations": {
                "compReleaseDepth": "5.27999973",
                "classDepth": "1",
                "classRate": "0",
                "compMeanRate": "139",
                "compDepth": "48.0999985",
                "classRelease": "0",
                "armsLocked": "0",
                "bodyWeight": "0"
            }
        },
        {
            "start": "00:01:02.610",
            "end": "00:01:03.010",
            "annotations": {
                "compReleaseDepth": "4.5",
                "classDepth": "0",
                "classRate": "0",
                "compMeanRate": "140",
                "compDepth": "53.6399994",
                "classRelease": "1",
                "armsLocked": "0",
                "bodyWeight": "0"
            }
        },
        {
            "start": "00:01:03.060",
            "end": "00:01:03.460",
            "annotations": {
                "compReleaseDepth": "5",
                "classDepth": "0",
                "classRate": "0",
                "compMeanRate": "124",
                "compDepth": "51.3600006",
                "classRelease": "1",
                "armsLocked": "0",
                "bodyWeight": "0"
            }
        },
        {
            "start": "00:01:03.550",
            "end": "00:01:03.890",
            "annotations": {
                "compReleaseDepth": "5",
                "classDepth": "0",
                "classRate": "0",
                "compMeanRate": "129",
                "compDepth": "51.8199997",
                "classRelease": "1",
                "armsLocked": "0",
                "bodyWeight": "0"
            }
        },
        {
            "start": "00:01:04.030",
            "end": "00:01:04.370",
            "annotations": {
                "compReleaseDepth": "5",
                "classDepth": "0",
                "classRate": "0",
                "compMeanRate": "126",
                "compDepth": "48.0999985",
                "classRelease": "0",
                "armsLocked": "0",
                "bodyWeight": "0"
            }
        },
        {
            "start": "00:01:04.440",
            "end": "00:01:04.860",
            "annotations": {
                "compReleaseDepth": "5.82999992",
                "classDepth": "1",
                "classRate": "0",
                "compMeanRate": "127",
                "compDepth": "45.2399979",
                "classRelease": "0",
                "armsLocked": "0",
                "bodyWeight": "0"
            }
        },
        {
            "start": "00:01:04.959",
            "end": "00:01:05.310",
            "annotations": {
                "compReleaseDepth": "5",
                "classDepth": "0",
                "classRate": "0",
                "compMeanRate": "129",
                "compDepth": "47.3799973",
                "classRelease": "0",
                "armsLocked": "0",
                "bodyWeight": "0"
            }
        },
        {
            "start": "00:01:05.379",
            "end": "00:01:05.920",
            "annotations": {
                "compReleaseDepth": "5.55999994",
                "classDepth": "1",
                "classRate": "0",
                "compMeanRate": "137",
                "compDepth": "48.329998",
                "classRelease": "0",
                "armsLocked": "0",
                "bodyWeight": "0"
            }
        },
        {
            "start": "00:01:06.280",
            "end": "00:01:06.860",
            "annotations": {
                "compReleaseDepth": "6.38999987",
                "classDepth": "1",
                "classRate": "1",
                "compMeanRate": "113",
                "compDepth": "56.1899986",
                "classRelease": "1",
                "armsLocked": "0",
                "bodyWeight": "1"
            }
        },
        {
            "start": "00:01:06.890",
            "end": "00:01:07.350",
            "annotations": {
                "compReleaseDepth": "6.94000006",
                "classDepth": "1",
                "classRate": "1",
                "compMeanRate": "110",
                "compDepth": "63.8599968",
                "classRelease": "0",
                "armsLocked": "0",
                "bodyWeight": "1"
            }
        },
        {
            "start": "00:01:07.360",
            "end": "00:01:07.850",
            "annotations": {
                "compReleaseDepth": "10.5299997",
                "classDepth": "0",
                "classRate": "1",
                "compMeanRate": "104",
                "compDepth": "63.8599968",
                "classRelease": "0",
                "armsLocked": "0",
                "bodyWeight": "1"
            }
        },
        {
            "start": "00:01:07.860",
            "end": "00:01:08.280",
            "annotations": {
                "compReleaseDepth": "6.10999966",
                "classDepth": "1",
                "classRate": "0",
                "compMeanRate": "122",
                "compDepth": "60.9099998",
                "classRelease": "0",
                "armsLocked": "0",
                "bodyWeight": "1"
            }
        },
        {
            "start": "00:01:08.370",
            "end": "00:01:08.830",
            "annotations": {
                "compReleaseDepth": "5.55999994",
                "classDepth": "1",
                "classRate": "1",
                "compMeanRate": "120",
                "compDepth": "59.7599983",
                "classRelease": "1",
                "armsLocked": "0",
                "bodyWeight": "1"
            }
        },
        {
            "start": "00:01:08.870",
            "end": "00:01:09.350",
            "annotations": {
                "compReleaseDepth": "7.77999973",
                "classDepth": "1",
                "classRate": "1",
                "compMeanRate": "117",
                "compDepth": "60.2299995",
                "classRelease": "0",
                "armsLocked": "0",
                "bodyWeight": "1"
            }
        },
        {
            "start": "00:01:09.380",
            "end": "00:01:09.870",
            "annotations": {
                "compReleaseDepth": "6.38999987",
                "classDepth": "1",
                "classRate": "1",
                "compMeanRate": "117",
                "compDepth": "54.7700005",
                "classRelease": "1",
                "armsLocked": "0",
                "bodyWeight": "1"
            }
        },
        {
            "start": "00:01:09.880",
            "end": "00:01:10.350",
            "annotations": {
                "compReleaseDepth": "5.55999994",
                "classDepth": "1",
                "classRate": "1",
                "compMeanRate": "114",
                "compDepth": "53.6399994",
                "classRelease": "1",
                "armsLocked": "0",
                "bodyWeight": "1"
            }
        },
        {
            "start": "00:01:10.400",
            "end": "00:01:10.850",
            "annotations": {
                "compReleaseDepth": "6.10999966",
                "classDepth": "1",
                "classRate": "1",
                "compMeanRate": "116",
                "compDepth": "57.1399994",
                "classRelease": "1",
                "armsLocked": "0",
                "bodyWeight": "1"
            }
        },
        {
            "start": "00:01:10.890",
            "end": "00:01:11.300",
            "annotations": {
                "compReleaseDepth": "6.10999966",
                "classDepth": "1",
                "classRate": "1",
                "compMeanRate": "115",
                "compDepth": "55.4799995",
                "classRelease": "1",
                "armsLocked": "0",
                "bodyWeight": "1"
            }
        },
        {
            "start": "00:01:11.410",
            "end": "00:01:11.810",
            "annotations": {
                "compReleaseDepth": "6.10999966",
                "classDepth": "1",
                "classRate": "0",
                "compMeanRate": "121",
                "compDepth": "62.9499969",
                "classRelease": "0",
                "armsLocked": "0",
                "bodyWeight": "1"
            }
        },
        {
            "start": "00:01:11.910",
            "end": "00:01:12.290",
            "annotations": {
                "compReleaseDepth": "5",
                "classDepth": "0",
                "classRate": "0",
                "compMeanRate": "121",
                "compDepth": "63.8599968",
                "classRelease": "0",
                "armsLocked": "0",
                "bodyWeight": "1"
            }
        },
        {
            "start": "00:01:12.410",
            "end": "00:01:12.810",
            "annotations": {
                "compReleaseDepth": "3",
                "classDepth": "0",
                "classRate": "0",
                "compMeanRate": "122",
                "compDepth": "63.4099998",
                "classRelease": "0",
                "armsLocked": "0",
                "bodyWeight": "1"
            }
        },
        {
            "start": "00:01:12.920",
            "end": "00:01:13.320",
            "annotations": {
                "compReleaseDepth": "3",
                "classDepth": "0",
                "classRate": "1",
                "compMeanRate": "120",
                "compDepth": "63.1800003",
                "classRelease": "0",
                "armsLocked": "0",
                "bodyWeight": "1"
            }
        },
        {
            "start": "00:01:13.400",
            "end": "00:01:13.800",
            "annotations": {
                "compReleaseDepth": "4",
                "classDepth": "0",
                "classRate": "1",
                "compMeanRate": "120",
                "compDepth": "63.6399994",
                "classRelease": "0",
                "armsLocked": "0",
                "bodyWeight": "1"
            }
        },
        {
            "start": "00:01:13.840",
            "end": "00:01:14.360",
            "annotations": {
                "compReleaseDepth": "2.5",
                "classDepth": "0",
                "classRate": "0",
                "compMeanRate": "123",
                "compDepth": "63.6399994",
                "classRelease": "0",
                "armsLocked": "0",
                "bodyWeight": "1"
            }
        },
        {
            "start": "00:01:14.370",
            "end": "00:01:14.780",
            "annotations": {
                "compReleaseDepth": "3",
                "classDepth": "0",
                "classRate": "0",
                "compMeanRate": "126",
                "compDepth": "62.9499969",
                "classRelease": "0",
                "armsLocked": "0",
                "bodyWeight": "1"
            }
        },
        {
            "start": "00:01:14.850",
            "end": "00:01:15.210",
            "annotations": {
                "compReleaseDepth": "3",
                "classDepth": "0",
                "classRate": "0",
                "compMeanRate": "126",
                "compDepth": "63.6399994",
                "classRelease": "0",
                "armsLocked": "0",
                "bodyWeight": "1"
            }
        },
        {
            "start": "00:01:15.290",
            "end": "00:01:15.700",
            "annotations": {
                "compReleaseDepth": "3",
                "classDepth": "0",
                "classRate": "0",
                "compMeanRate": "124",
                "compDepth": "62.9499969",
                "classRelease": "0",
                "armsLocked": "0",
                "bodyWeight": "1"
            }
        },
        {
            "start": "00:01:15.830",
            "end": "00:01:16.200",
            "annotations": {
                "compReleaseDepth": "3",
                "classDepth": "0",
                "classRate": "0",
                "compMeanRate": "122",
                "compDepth": "62.9499969",
                "classRelease": "0",
                "armsLocked": "0",
                "bodyWeight": "1"
            }
        },
        {
            "start": "00:01:16.270",
            "end": "00:01:16.890",
            "annotations": {
                "compReleaseDepth": "10",
                "classDepth": "0",
                "classRate": "1",
                "compMeanRate": "117",
                "compDepth": "34.2900009",
                "classRelease": "0",
                "armsLocked": "0",
                "bodyWeight": "1"
            }
        },
        {
            "start": "00:01:16.910",
            "end": "00:01:17.340",
            "annotations": {
                "compReleaseDepth": "6.10999966",
                "classDepth": "1",
                "classRate": "1",
                "compMeanRate": "111",
                "compDepth": "52.7299995",
                "classRelease": "1",
                "armsLocked": "0",
                "bodyWeight": "1"
            }
        },
        {
            "start": "00:01:17.400",
            "end": "00:01:17.770",
            "annotations": {
                "compReleaseDepth": "5",
                "classDepth": "0",
                "classRate": "1",
                "compMeanRate": "114",
                "compDepth": "61.1399994",
                "classRelease": "0",
                "armsLocked": "0",
                "bodyWeight": "1"
            }
        },
        {
            "start": "00:01:17.890",
            "end": "00:01:18.290",
            "annotations": {
                "compReleaseDepth": "5",
                "classDepth": "0",
                "classRate": "1",
                "compMeanRate": "119",
                "compDepth": "62.9499969",
                "classRelease": "0",
                "armsLocked": "0",
                "bodyWeight": "1"
            }
        },
        {
            "start": "00:01:18.350",
            "end": "00:01:18.820",
            "annotations": {
                "compReleaseDepth": "3.5",
                "classDepth": "0",
                "classRate": "0",
                "compMeanRate": "123",
                "compDepth": "60.2299995",
                "classRelease": "0",
                "armsLocked": "0",
                "bodyWeight": "1"
            }
        },
        {
            "start": "00:01:18.840",
            "end": "00:01:19.310",
            "annotations": {
                "compReleaseDepth": "4.5",
                "classDepth": "0",
                "classRate": "0",
                "compMeanRate": "122",
                "compDepth": "62.9499969",
                "classRelease": "0",
                "armsLocked": "0",
                "bodyWeight": "1"
            }
        },
        {
            "start": "00:01:19.370",
            "end": "00:01:19.820",
            "annotations": {
                "compReleaseDepth": "5.27999973",
                "classDepth": "1",
                "classRate": "0",
                "compMeanRate": "122",
                "compDepth": "61.1399994",
                "classRelease": "0",
                "armsLocked": "0",
                "bodyWeight": "1"
            }
        },
        {
            "start": "00:01:19.860",
            "end": "00:01:20.230",
            "annotations": {
                "compReleaseDepth": "5",
                "classDepth": "0",
                "classRate": "0",
                "compMeanRate": "126",
                "compDepth": "60",
                "classRelease": "1",
                "armsLocked": "0",
                "bodyWeight": "1"
            }
        },
        {
            "start": "00:01:20.310",
            "end": "00:01:20.690",
            "annotations": {
                "compReleaseDepth": "3",
                "classDepth": "0",
                "classRate": "0",
                "compMeanRate": "125",
                "compDepth": "61.3599968",
                "classRelease": "0",
                "armsLocked": "0",
                "bodyWeight": "1"
            }
        },
        {
            "start": "00:01:20.770",
            "end": "00:01:21.180",
            "annotations": {
                "compReleaseDepth": "4",
                "classDepth": "0",
                "classRate": "0",
                "compMeanRate": "126",
                "compDepth": "58.8099976",
                "classRelease": "1",
                "armsLocked": "0",
                "bodyWeight": "1"
            }
        },
        {
            "start": "00:01:21.230",
            "end": "00:01:21.680",
            "annotations": {
                "compReleaseDepth": "3",
                "classDepth": "0",
                "classRate": "0",
                "compMeanRate": "124",
                "compDepth": "62.9499969",
                "classRelease": "0",
                "armsLocked": "0",
                "bodyWeight": "1"
            }
        },
        {
            "start": "00:01:21.940",
            "end": "00:01:22.750",
            "annotations": {
                "compReleaseDepth": "10.5299997",
                "classDepth": "0",
                "classRate": "1",
                "compMeanRate": "101",
                "compDepth": "63.8599968",
                "classRelease": "0",
                "armsLocked": "1",
                "bodyWeight": "1"
            }
        },
        {
            "start": "00:01:22.790",
            "end": "00:01:23.290",
            "annotations": {
                "compReleaseDepth": "6.38999987",
                "classDepth": "1",
                "classRate": "0",
                "compMeanRate": "96",
                "compDepth": "62.9499969",
                "classRelease": "0",
                "armsLocked": "1",
                "bodyWeight": "1"
            }
        },
        {
            "start": "00:01:23.310",
            "end": "00:01:23.840",
            "annotations": {
                "compReleaseDepth": "8.32999992",
                "classDepth": "1",
                "classRate": "0",
                "compMeanRate": "94",
                "compDepth": "62.9499969",
                "classRelease": "0",
                "armsLocked": "1",
                "bodyWeight": "1"
            }
        },
        {
            "start": "00:01:23.870",
            "end": "00:01:24.350",
            "annotations": {
                "compReleaseDepth": "9.43999958",
                "classDepth": "1",
                "classRate": "1",
                "compMeanRate": "111",
                "compDepth": "62.0499992",
                "classRelease": "0",
                "armsLocked": "1",
                "bodyWeight": "1"
            }
        },
        {
            "start": "00:01:24.390",
            "end": "00:01:24.870",
            "annotations": {
                "compReleaseDepth": "9.17000008",
                "classDepth": "1",
                "classRate": "1",
                "compMeanRate": "114",
                "compDepth": "59.2899971",
                "classRelease": "1",
                "armsLocked": "1",
                "bodyWeight": "1"
            }
        },
        {
            "start": "00:01:24.910",
            "end": "00:01:25.420",
            "annotations": {
                "compReleaseDepth": "10",
                "classDepth": "0",
                "classRate": "1",
                "compMeanRate": "113",
                "compDepth": "62.0499992",
                "classRelease": "0",
                "armsLocked": "1",
                "bodyWeight": "1"
            }
        },
        {
            "start": "00:01:25.450",
            "end": "00:01:25.920",
            "annotations": {
                "compReleaseDepth": "11.8400002",
                "classDepth": "0",
                "classRate": "1",
                "compMeanRate": "116",
                "compDepth": "63.4099998",
                "classRelease": "0",
                "armsLocked": "1",
                "bodyWeight": "1"
            }
        },
        {
            "start": "00:01:25.970",
            "end": "00:01:26.460",
            "annotations": {
                "compReleaseDepth": "15",
                "classDepth": "0",
                "classRate": "1",
                "compMeanRate": "116",
                "compDepth": "63.8599968",
                "classRelease": "0",
                "armsLocked": "1",
                "bodyWeight": "1"
            }
        },
        {
            "start": "00:01:26.500",
            "end": "00:01:27.020",
            "annotations": {
                "compReleaseDepth": "15",
                "classDepth": "0",
                "classRate": "1",
                "compMeanRate": "115",
                "compDepth": "63.8599968",
                "classRelease": "0",
                "armsLocked": "1",
                "bodyWeight": "1"
            }
        },
        {
            "start": "00:01:27.050",
            "end": "00:01:27.510",
            "annotations": {
                "compReleaseDepth": "10.79",
                "classDepth": "0",
                "classRate": "1",
                "compMeanRate": "116",
                "compDepth": "63.8599968",
                "classRelease": "0",
                "armsLocked": "1",
                "bodyWeight": "1"
            }
        },
        {
            "start": "00:01:27.550",
            "end": "00:01:28.000",
            "annotations": {
                "compReleaseDepth": "12.1099997",
                "classDepth": "0",
                "classRate": "1",
                "compMeanRate": "117",
                "compDepth": "63.8599968",
                "classRelease": "0",
                "armsLocked": "1",
                "bodyWeight": "1"
            }
        },
        {
            "start": "00:01:28.030",
            "end": "00:01:28.480",
            "annotations": {
                "compReleaseDepth": "7.21999979",
                "classDepth": "1",
                "classRate": "1",
                "compMeanRate": "120",
                "compDepth": "63.4099998",
                "classRelease": "0",
                "armsLocked": "1",
                "bodyWeight": "1"
            }
        },
        {
            "start": "00:01:28.530",
            "end": "00:01:29.010",
            "annotations": {
                "compReleaseDepth": "5.55999994",
                "classDepth": "1",
                "classRate": "1",
                "compMeanRate": "117",
                "compDepth": "62.7299995",
                "classRelease": "0",
                "armsLocked": "1",
                "bodyWeight": "1"
            }
        },
        {
            "start": "00:01:29.030",
            "end": "00:01:29.510",
            "annotations": {
                "compReleaseDepth": "7.21999979",
                "classDepth": "1",
                "classRate": "1",
                "compMeanRate": "117",
                "compDepth": "63.4099998",
                "classRelease": "0",
                "armsLocked": "1",
                "bodyWeight": "1"
            }
        },
        {
            "start": "00:01:29.560",
            "end": "00:01:30.000",
            "annotations": {
                "compReleaseDepth": "6.10999966",
                "classDepth": "1",
                "classRate": "1",
                "compMeanRate": "115",
                "compDepth": "62.0499992",
                "classRelease": "0",
                "armsLocked": "1",
                "bodyWeight": "1"
            }
        },
        {
            "start": "00:01:30.070",
            "end": "00:01:30.510",
            "annotations": {
                "compReleaseDepth": "6.94000006",
                "classDepth": "1",
                "classRate": "1",
                "compMeanRate": "120",
                "compDepth": "63.6399994",
                "classRelease": "0",
                "armsLocked": "1",
                "bodyWeight": "1"
            }
        },
        {
            "start": "00:01:30.540",
            "end": "00:01:31.000",
            "annotations": {
                "compReleaseDepth": "5.27999973",
                "classDepth": "1",
                "classRate": "1",
                "compMeanRate": "119",
                "compDepth": "63.6399994",
                "classRelease": "0",
                "armsLocked": "1",
                "bodyWeight": "1"
            }
        },
        {
            "start": "00:01:31.030",
            "end": "00:01:31.500",
            "annotations": {
                "compReleaseDepth": "5.55999994",
                "classDepth": "1",
                "classRate": "1",
                "compMeanRate": "120",
                "compDepth": "63.4099998",
                "classRelease": "0",
                "armsLocked": "1",
                "bodyWeight": "1"
            }
        },
        {
            "start": "00:01:31.530",
            "end": "00:01:32.020",
            "annotations": {
                "compReleaseDepth": "6.10999966",
                "classDepth": "1",
                "classRate": "1",
                "compMeanRate": "119",
                "compDepth": "63.6399994",
                "classRelease": "0",
                "armsLocked": "1",
                "bodyWeight": "1"
            }
        },
        {
            "start": "00:01:32.060",
            "end": "00:01:32.520",
            "annotations": {
                "compReleaseDepth": "6.10999966",
                "classDepth": "1",
                "classRate": "1",
                "compMeanRate": "118",
                "compDepth": "62.9499969",
                "classRelease": "0",
                "armsLocked": "1",
                "bodyWeight": "1"
            }
        },
        {
            "start": "00:01:32.560",
            "end": "00:01:33.050",
            "annotations": {
                "compReleaseDepth": "7.5",
                "classDepth": "1",
                "classRate": "1",
                "compMeanRate": "119",
                "compDepth": "62.9499969",
                "classRelease": "0",
                "armsLocked": "1",
                "bodyWeight": "1"
            }
        },
        {
            "start": "00:01:33.040",
            "end": "00:01:33.530",
            "annotations": {
                "compReleaseDepth": "7.21999979",
                "classDepth": "1",
                "classRate": "1",
                "compMeanRate": "117",
                "compDepth": "62.2700005",
                "classRelease": "0",
                "armsLocked": "1",
                "bodyWeight": "1"
            }
        },
        {
            "start": "00:01:33.550",
            "end": "00:01:34.030",
            "annotations": {
                "compReleaseDepth": "4",
                "classDepth": "0",
                "classRate": "1",
                "compMeanRate": "119",
                "compDepth": "62.0499992",
                "classRelease": "0",
                "armsLocked": "1",
                "bodyWeight": "1"
            }
        },
        {
            "start": "00:01:34.070",
            "end": "00:01:34.540",
            "annotations": {
                "compReleaseDepth": "5",
                "classDepth": "0",
                "classRate": "1",
                "compMeanRate": "117",
                "compDepth": "62.0499992",
                "classRelease": "0",
                "armsLocked": "1",
                "bodyWeight": "1"
            }
        },
        {
            "start": "00:01:34.590",
            "end": "00:01:35.090",
            "annotations": {
                "compReleaseDepth": "5.55999994",
                "classDepth": "1",
                "classRate": "1",
                "compMeanRate": "118",
                "compDepth": "61.1399994",
                "classRelease": "0",
                "armsLocked": "1",
                "bodyWeight": "1"
            }
        },
        {
            "start": "00:01:35.120",
            "end": "00:01:35.570",
            "annotations": {
                "compReleaseDepth": "5",
                "classDepth": "0",
                "classRate": "1",
                "compMeanRate": "116",
                "compDepth": "62.5",
                "classRelease": "0",
                "armsLocked": "1",
                "bodyWeight": "1"
            }
        },
        {
            "start": "00:01:35.640",
            "end": "00:01:36.100",
            "annotations": {
                "compReleaseDepth": "5.27999973",
                "classDepth": "1",
                "classRate": "1",
                "compMeanRate": "116",
                "compDepth": "61.5900002",
                "classRelease": "0",
                "armsLocked": "1",
                "bodyWeight": "1"
            }
        },
        {
            "start": "00:01:36.140",
            "end": "00:01:36.600",
            "annotations": {
                "compReleaseDepth": "5.27999973",
                "classDepth": "1",
                "classRate": "1",
                "compMeanRate": "116",
                "compDepth": "63.4099998",
                "classRelease": "0",
                "armsLocked": "1",
                "bodyWeight": "1"
            }
        },
        {
            "start": "00:01:36.630",
            "end": "00:01:37.120",
            "annotations": {
                "compReleaseDepth": "5.27999973",
                "classDepth": "1",
                "classRate": "1",
                "compMeanRate": "118",
                "compDepth": "62.0499992",
                "classRelease": "0",
                "armsLocked": "1",
                "bodyWeight": "1"
            }
        },
        {
            "start": "00:01:37.160",
            "end": "00:01:37.660",
            "annotations": {
                "compReleaseDepth": "4",
                "classDepth": "0",
                "classRate": "1",
                "compMeanRate": "116",
                "compDepth": "62.0499992",
                "classRelease": "0",
                "armsLocked": "1",
                "bodyWeight": "1"
            }
        },
        {
            "start": "00:01:37.710",
            "end": "00:01:38.150",
            "annotations": {
                "compReleaseDepth": "8.32999992",
                "classDepth": "1",
                "classRate": "1",
                "compMeanRate": "116",
                "compDepth": "63.8599968",
                "classRelease": "0",
                "armsLocked": "1",
                "bodyWeight": "1"
            }
        },
        {
            "start": "00:01:38.170",
            "end": "00:01:39.100",
            "annotations": {
                "compReleaseDepth": "7.21999979",
                "classDepth": "1",
                "classRate": "1",
                "compMeanRate": "114",
                "compDepth": "50.6800003",
                "classRelease": "1",
                "armsLocked": "1",
                "bodyWeight": "1"
            }
        },
        {
            "start": "00:01:39.810",
            "end": "00:01:40.220",
            "annotations": {
                "compReleaseDepth": "6.10999966",
                "classDepth": "1",
                "classRate": "1",
                "compMeanRate": "115",
                "compDepth": "46.1899986",
                "classRelease": "0",
                "armsLocked": "0",
                "bodyWeight": "0"
            }
        },
        {
            "start": "00:01:40.330",
            "end": "00:01:40.660",
            "annotations": {
                "compReleaseDepth": "5",
                "classDepth": "0",
                "classRate": "0",
                "compMeanRate": "122",
                "compDepth": "56.6699982",
                "classRelease": "1",
                "armsLocked": "0",
                "bodyWeight": "0"
            }
        },
        {
            "start": "00:01:40.720",
            "end": "00:01:41.090",
            "annotations": {
                "compReleaseDepth": "6.10999966",
                "classDepth": "1",
                "classRate": "0",
                "compMeanRate": "127",
                "compDepth": "57.3799973",
                "classRelease": "1",
                "armsLocked": "0",
                "bodyWeight": "0"
            }
        },
        {
            "start": "00:01:41.150",
            "end": "00:01:41.500",
            "annotations": {
                "compReleaseDepth": "6.10999966",
                "classDepth": "1",
                "classRate": "0",
                "compMeanRate": "137",
                "compDepth": "53.6399994",
                "classRelease": "1",
                "armsLocked": "0",
                "bodyWeight": "0"
            }
        },
        {
            "start": "00:01:41.590",
            "end": "00:01:41.960",
            "annotations": {
                "compReleaseDepth": "5.82999992",
                "classDepth": "1",
                "classRate": "0",
                "compMeanRate": "137",
                "compDepth": "55",
                "classRelease": "1",
                "armsLocked": "0",
                "bodyWeight": "0"
            }
        },
        {
            "start": "00:01:42.020",
            "end": "00:01:42.380",
            "annotations": {
                "compReleaseDepth": "7.21999979",
                "classDepth": "1",
                "classRate": "0",
                "compMeanRate": "139",
                "compDepth": "52.7299995",
                "classRelease": "1",
                "armsLocked": "0",
                "bodyWeight": "0"
            }
        },
        {
            "start": "00:01:42.510",
            "end": "00:01:42.870",
            "annotations": {
                "compReleaseDepth": "7.21999979",
                "classDepth": "1",
                "classRate": "0",
                "compMeanRate": "139",
                "compDepth": "53.6399994",
                "classRelease": "1",
                "armsLocked": "0",
                "bodyWeight": "0"
            }
        },
        {
            "start": "00:01:42.960",
            "end": "00:01:43.340",
            "annotations": {
                "compReleaseDepth": "5.27999973",
                "classDepth": "1",
                "classRate": "0",
                "compMeanRate": "138",
                "compDepth": "56.4300003",
                "classRelease": "1",
                "armsLocked": "0",
                "bodyWeight": "0"
            }
        },
        {
            "start": "00:01:43.350",
            "end": "00:01:43.710",
            "annotations": {
                "compReleaseDepth": "5.55999994",
                "classDepth": "1",
                "classRate": "0",
                "compMeanRate": "138",
                "compDepth": "56.8999977",
                "classRelease": "1",
                "armsLocked": "0",
                "bodyWeight": "0"
            }
        },
        {
            "start": "00:01:43.770",
            "end": "00:01:44.180",
            "annotations": {
                "compReleaseDepth": "5.55999994",
                "classDepth": "1",
                "classRate": "0",
                "compMeanRate": "135",
                "compDepth": "57.1399994",
                "classRelease": "1",
                "armsLocked": "0",
                "bodyWeight": "0"
            }
        },
        {
            "start": "00:01:44.250",
            "end": "00:01:44.630",
            "annotations": {
                "compReleaseDepth": "6.67000008",
                "classDepth": "1",
                "classRate": "0",
                "compMeanRate": "132",
                "compDepth": "55.9499969",
                "classRelease": "1",
                "armsLocked": "0",
                "bodyWeight": "0"
            }
        },
        {
            "start": "00:01:44.830",
            "end": "00:01:45.330",
            "annotations": {
                "compReleaseDepth": "5",
                "classDepth": "0",
                "classRate": "1",
                "compMeanRate": "120",
                "compDepth": "57.3799973",
                "classRelease": "1",
                "armsLocked": "0",
                "bodyWeight": "0"
            }
        },
        {
            "start": "00:01:45.400",
            "end": "00:01:45.900",
            "annotations": {
                "compReleaseDepth": "3.5",
                "classDepth": "0",
                "classRate": "1",
                "compMeanRate": "111",
                "compDepth": "55.2399979",
                "classRelease": "1",
                "armsLocked": "0",
                "bodyWeight": "0"
            }
        },
        {
            "start": "00:01:45.920",
            "end": "00:01:46.360",
            "annotations": {
                "compReleaseDepth": "5",
                "classDepth": "0",
                "classRate": "1",
                "compMeanRate": "106",
                "compDepth": "57.3799973",
                "classRelease": "1",
                "armsLocked": "0",
                "bodyWeight": "0"
            }
        },
        {
            "start": "00:01:46.480",
            "end": "00:01:46.920",
            "annotations": {
                "compReleaseDepth": "5",
                "classDepth": "0",
                "classRate": "1",
                "compMeanRate": "109",
                "compDepth": "56.4300003",
                "classRelease": "1",
                "armsLocked": "0",
                "bodyWeight": "0"
            }
        },
        {
            "start": "00:01:47.030",
            "end": "00:01:47.390",
            "annotations": {
                "compReleaseDepth": "6.10999966",
                "classDepth": "1",
                "classRate": "1",
                "compMeanRate": "111",
                "compDepth": "54.5499992",
                "classRelease": "1",
                "armsLocked": "0",
                "bodyWeight": "0"
            }
        },
        {
            "start": "00:01:47.560",
            "end": "00:01:47.950",
            "annotations": {
                "compReleaseDepth": "5.55999994",
                "classDepth": "1",
                "classRate": "1",
                "compMeanRate": "114",
                "compDepth": "55.9499969",
                "classRelease": "1",
                "armsLocked": "0",
                "bodyWeight": "0"
            }
        },
        {
            "start": "00:01:48.050",
            "end": "00:01:48.460",
            "annotations": {
                "compReleaseDepth": "7.21999979",
                "classDepth": "1",
                "classRate": "1",
                "compMeanRate": "115",
                "compDepth": "52.7299995",
                "classRelease": "1",
                "armsLocked": "0",
                "bodyWeight": "0"
            }
        },
        {
            "start": "00:01:48.560",
            "end": "00:01:48.900",
            "annotations": {
                "compReleaseDepth": "6.10999966",
                "classDepth": "1",
                "classRate": "1",
                "compMeanRate": "118",
                "compDepth": "56.4300003",
                "classRelease": "1",
                "armsLocked": "0",
                "bodyWeight": "0"
            }
        },
        {
            "start": "00:01:49.000",
            "end": "00:01:49.430",
            "annotations": {
                "compReleaseDepth": "6.67000008",
                "classDepth": "1",
                "classRate": "0",
                "compMeanRate": "121",
                "compDepth": "56.1899986",
                "classRelease": "1",
                "armsLocked": "0",
                "bodyWeight": "0"
            }
        },
        {
            "start": "00:01:49.470",
            "end": "00:01:49.920",
            "annotations": {
                "compReleaseDepth": "7.21999979",
                "classDepth": "1",
                "classRate": "0",
                "compMeanRate": "126",
                "compDepth": "54.5499992",
                "classRelease": "1",
                "armsLocked": "0",
                "bodyWeight": "0"
            }
        },
        {
            "start": "00:01:49.990",
            "end": "00:01:50.340",
            "annotations": {
                "compReleaseDepth": "8.32999992",
                "classDepth": "1",
                "classRate": "0",
                "compMeanRate": "127",
                "compDepth": "52.2700005",
                "classRelease": "1",
                "armsLocked": "0",
                "bodyWeight": "0"
            }
        },
        {
            "start": "00:01:50.440",
            "end": "00:01:50.930",
            "annotations": {
                "compReleaseDepth": "7.21999979",
                "classDepth": "1",
                "classRate": "1",
                "compMeanRate": "120",
                "compDepth": "47.1399994",
                "classRelease": "0",
                "armsLocked": "0",
                "bodyWeight": "0"
            }
        },
        {
            "start": "00:01:50.990",
            "end": "00:01:51.360",
            "annotations": {
                "compReleaseDepth": "6.38999987",
                "classDepth": "1",
                "classRate": "0",
                "compMeanRate": "124",
                "compDepth": "55",
                "classRelease": "1",
                "armsLocked": "0",
                "bodyWeight": "0"
            }
        },
        {
            "start": "00:01:51.420",
            "end": "00:01:51.790",
            "annotations": {
                "compReleaseDepth": "6.67000008",
                "classDepth": "1",
                "classRate": "0",
                "compMeanRate": "125",
                "compDepth": "54.7700005",
                "classRelease": "1",
                "armsLocked": "0",
                "bodyWeight": "0"
            }
        },
        {
            "start": "00:01:51.860",
            "end": "00:01:52.240",
            "annotations": {
                "compReleaseDepth": "6.10999966",
                "classDepth": "1",
                "classRate": "0",
                "compMeanRate": "132",
                "compDepth": "55.4799995",
                "classRelease": "1",
                "armsLocked": "0",
                "bodyWeight": "0"
            }
        },
        {
            "start": "00:01:52.330",
            "end": "00:01:52.760",
            "annotations": {
                "compReleaseDepth": "6.94000006",
                "classDepth": "1",
                "classRate": "0",
                "compMeanRate": "129",
                "compDepth": "54.0900002",
                "classRelease": "1",
                "armsLocked": "0",
                "bodyWeight": "0"
            }
        },
        {
            "start": "00:01:52.830",
            "end": "00:01:53.190",
            "annotations": {
                "compReleaseDepth": "7.21999979",
                "classDepth": "1",
                "classRate": "0",
                "compMeanRate": "130",
                "compDepth": "53.4099998",
                "classRelease": "1",
                "armsLocked": "0",
                "bodyWeight": "0"
            }
        },
        {
            "start": "00:01:53.290",
            "end": "00:01:53.670",
            "annotations": {
                "compReleaseDepth": "6.94000006",
                "classDepth": "1",
                "classRate": "0",
                "compMeanRate": "129",
                "compDepth": "52.0499992",
                "classRelease": "1",
                "armsLocked": "0",
                "bodyWeight": "0"
            }
        },
        {
            "start": "00:01:53.750",
            "end": "00:01:54.070",
            "annotations": {
                "compReleaseDepth": "6.10999966",
                "classDepth": "1",
                "classRate": "0",
                "compMeanRate": "129",
                "compDepth": "55.7099991",
                "classRelease": "1",
                "armsLocked": "0",
                "bodyWeight": "0"
            }
        },
        {
            "start": "00:01:54.170",
            "end": "00:01:54.640",
            "annotations": {
                "compReleaseDepth": "6.38999987",
                "classDepth": "1",
                "classRate": "0",
                "compMeanRate": "128",
                "compDepth": "52.7299995",
                "classRelease": "1",
                "armsLocked": "0",
                "bodyWeight": "0"
            }
        },
        {
            "start": "00:01:54.690",
            "end": "00:01:55.130",
            "annotations": {
                "compReleaseDepth": "8.32999992",
                "classDepth": "1",
                "classRate": "0",
                "compMeanRate": "129",
                "compDepth": "42.25",
                "classRelease": "0",
                "armsLocked": "0",
                "bodyWeight": "0"
            }
        },
        {
            "start": "00:01:56.340",
            "end": "00:01:56.890",
            "annotations": {
                "compReleaseDepth": "5.27999973",
                "classDepth": "1",
                "classRate": "0",
                "compMeanRate": "129",
                "compDepth": "62.9499969",
                "classRelease": "0",
                "armsLocked": "0",
                "bodyWeight": "1"
            }
        },
        {
            "start": "00:01:56.920",
            "end": "00:01:57.430",
            "annotations": {
                "compReleaseDepth": "6.38999987",
                "classDepth": "1",
                "classRate": "0",
                "compMeanRate": "122",
                "compDepth": "62.0499992",
                "classRelease": "0",
                "armsLocked": "0",
                "bodyWeight": "1"
            }
        },
        {
            "start": "00:01:57.440",
            "end": "00:01:57.920",
            "annotations": {
                "compReleaseDepth": "11.5799999",
                "classDepth": "0",
                "classRate": "1",
                "compMeanRate": "117",
                "compDepth": "62.9499969",
                "classRelease": "0",
                "armsLocked": "0",
                "bodyWeight": "1"
            }
        },
        {
            "start": "00:01:57.970",
            "end": "00:01:58.440",
            "annotations": {
                "compReleaseDepth": "7.77999973",
                "classDepth": "1",
                "classRate": "1",
                "compMeanRate": "115",
                "compDepth": "63.4099998",
                "classRelease": "0",
                "armsLocked": "0",
                "bodyWeight": "1"
            }
        },
        {
            "start": "00:01:58.470",
            "end": "00:01:58.940",
            "annotations": {
                "compReleaseDepth": "8.32999992",
                "classDepth": "1",
                "classRate": "1",
                "compMeanRate": "117",
                "compDepth": "62.9499969",
                "classRelease": "0",
                "armsLocked": "0",
                "bodyWeight": "1"
            }
        },
        {
            "start": "00:01:58.970",
            "end": "00:01:59.430",
            "annotations": {
                "compReleaseDepth": "6.10999966",
                "classDepth": "1",
                "classRate": "1",
                "compMeanRate": "117",
                "compDepth": "61.5900002",
                "classRelease": "0",
                "armsLocked": "0",
                "bodyWeight": "1"
            }
        },
        {
            "start": "00:01:59.490",
            "end": "00:01:59.940",
            "annotations": {
                "compReleaseDepth": "6.67000008",
                "classDepth": "1",
                "classRate": "1",
                "compMeanRate": "118",
                "compDepth": "63.8599968",
                "classRelease": "0",
                "armsLocked": "0",
                "bodyWeight": "1"
            }
        },
        {
            "start": "00:01:59.950",
            "end": "00:02:00.450",
            "annotations": {
                "compReleaseDepth": "5.82999992",
                "classDepth": "1",
                "classRate": "1",
                "compMeanRate": "120",
                "compDepth": "63.6399994",
                "classRelease": "0",
                "armsLocked": "0",
                "bodyWeight": "1"
            }
        },
        {
            "start": "00:02:00.480",
            "end": "00:02:00.950",
            "annotations": {
                "compReleaseDepth": "5.55999994",
                "classDepth": "1",
                "classRate": "1",
                "compMeanRate": "120",
                "compDepth": "62.9499969",
                "classRelease": "0",
                "armsLocked": "0",
                "bodyWeight": "1"
            }
        },
        {
            "start": "00:02:01.000",
            "end": "00:02:01.450",
            "annotations": {
                "compReleaseDepth": "5",
                "classDepth": "0",
                "classRate": "1",
                "compMeanRate": "117",
                "compDepth": "62.9499969",
                "classRelease": "0",
                "armsLocked": "0",
                "bodyWeight": "1"
            }
        },
        {
            "start": "00:02:01.500",
            "end": "00:02:01.850",
            "annotations": {
                "compReleaseDepth": "5",
                "classDepth": "0",
                "classRate": "1",
                "compMeanRate": "117",
                "compDepth": "62.9499969",
                "classRelease": "0",
                "armsLocked": "0",
                "bodyWeight": "1"
            }
        },
        {
            "start": "00:02:02.000",
            "end": "00:02:02.470",
            "annotations": {
                "compReleaseDepth": "3.5",
                "classDepth": "0",
                "classRate": "1",
                "compMeanRate": "120",
                "compDepth": "62.9499969",
                "classRelease": "0",
                "armsLocked": "0",
                "bodyWeight": "1"
            }
        },
        {
            "start": "00:02:02.490",
            "end": "00:02:02.930",
            "annotations": {
                "compReleaseDepth": "3",
                "classDepth": "0",
                "classRate": "1",
                "compMeanRate": "119",
                "compDepth": "62.9499969",
                "classRelease": "0",
                "armsLocked": "0",
                "bodyWeight": "1"
            }
        },
        {
            "start": "00:02:03.010",
            "end": "00:02:03.420",
            "annotations": {
                "compReleaseDepth": "5",
                "classDepth": "0",
                "classRate": "1",
                "compMeanRate": "118",
                "compDepth": "62.9499969",
                "classRelease": "0",
                "armsLocked": "0",
                "bodyWeight": "1"
            }
        },
        {
            "start": "00:02:03.540",
            "end": "00:02:03.970",
            "annotations": {
                "compReleaseDepth": "4",
                "classDepth": "0",
                "classRate": "1",
                "compMeanRate": "119",
                "compDepth": "62.5",
                "classRelease": "0",
                "armsLocked": "0",
                "bodyWeight": "1"
            }
        },
        {
            "start": "00:02:04.010",
            "end": "00:02:04.470",
            "annotations": {
                "compReleaseDepth": "4",
                "classDepth": "0",
                "classRate": "1",
                "compMeanRate": "120",
                "compDepth": "62.9499969",
                "classRelease": "0",
                "armsLocked": "0",
                "bodyWeight": "1"
            }
        },
        {
            "start": "00:02:04.510",
            "end": "00:02:04.960",
            "annotations": {
                "compReleaseDepth": "4",
                "classDepth": "0",
                "classRate": "0",
                "compMeanRate": "121",
                "compDepth": "60",
                "classRelease": "1",
                "armsLocked": "0",
                "bodyWeight": "1"
            }
        },
        {
            "start": "00:02:05.010",
            "end": "00:02:05.450",
            "annotations": {
                "compReleaseDepth": "5",
                "classDepth": "0",
                "classRate": "1",
                "compMeanRate": "119",
                "compDepth": "60.6800003",
                "classRelease": "0",
                "armsLocked": "0",
                "bodyWeight": "1"
            }
        },
        {
            "start": "00:02:05.500",
            "end": "00:02:05.900",
            "annotations": {
                "compReleaseDepth": "5",
                "classDepth": "0",
                "classRate": "1",
                "compMeanRate": "120",
                "compDepth": "59.2899971",
                "classRelease": "1",
                "armsLocked": "0",
                "bodyWeight": "1"
            }
        },
        {
            "start": "00:02:06.010",
            "end": "00:02:06.430",
            "annotations": {
                "compReleaseDepth": "3.5",
                "classDepth": "0",
                "classRate": "1",
                "compMeanRate": "120",
                "compDepth": "62.2700005",
                "classRelease": "0",
                "armsLocked": "0",
                "bodyWeight": "1"
            }
        }
    ]
}