{
    "applicationName": "ManualAnnotations",
    "recordingID": "OKDDM2_2018-7-24-12H36M20S340",
    "intervals": [
        {
            "start": "00:00:12.350",
            "end": "00:00:12.650",
            "annotations": {
                "compReleaseDepth": "2",
                "classDepth": "0",
                "classRate": "1",
                "compMeanRate": "110",
                "compDepth": "13.4200001",
                "classRelease": "0",
                "armsLocked": "0",
                "bodyWeight": "0"
            }
        },
        {
            "start": "00:00:13.050",
            "end": "00:00:14.070",
            "annotations": {
                "compReleaseDepth": "12.1099997",
                "classDepth": "0",
                "classRate": "1",
                "compMeanRate": "110",
                "compDepth": "20.2399998",
                "classRelease": "0",
                "armsLocked": "0",
                "bodyWeight": "1"
            }
        },
        {
            "start": "00:00:14.070",
            "end": "00:00:14.520",
            "annotations": {
                "compReleaseDepth": "6.67000008",
                "classDepth": "1",
                "classRate": "1",
                "compMeanRate": "120",
                "compDepth": "60",
                "classRelease": "1",
                "armsLocked": "0",
                "bodyWeight": "1"
            }
        },
        {
            "start": "00:00:14.740",
            "end": "00:00:15.110",
            "annotations": {
                "compReleaseDepth": "6.67000008",
                "classDepth": "1",
                "classRate": "1",
                "compMeanRate": "110",
                "compDepth": "63.4099998",
                "classRelease": "0",
                "armsLocked": "1",
                "bodyWeight": "1"
            }
        },
        {
            "start": "00:00:15.280",
            "end": "00:00:15.730",
            "annotations": {
                "compReleaseDepth": "6.67000008",
                "classDepth": "1",
                "classRate": "1",
                "compMeanRate": "108",
                "compDepth": "63.4099998",
                "classRelease": "0",
                "armsLocked": "1",
                "bodyWeight": "1"
            }
        },
        {
            "start": "00:00:15.800",
            "end": "00:00:16.309",
            "annotations": {
                "compReleaseDepth": "7.21999979",
                "classDepth": "1",
                "classRate": "1",
                "compMeanRate": "103",
                "compDepth": "64.0899963",
                "classRelease": "0",
                "armsLocked": "1",
                "bodyWeight": "1"
            }
        },
        {
            "start": "00:00:16.309",
            "end": "00:00:16.790",
            "annotations": {
                "compReleaseDepth": "5.55999994",
                "classDepth": "1",
                "classRate": "1",
                "compMeanRate": "111",
                "compDepth": "64.0899963",
                "classRelease": "0",
                "armsLocked": "1",
                "bodyWeight": "1"
            }
        },
        {
            "start": "00:00:16.840",
            "end": "00:00:17.360",
            "annotations": {
                "compReleaseDepth": "6.10999966",
                "classDepth": "1",
                "classRate": "1",
                "compMeanRate": "113",
                "compDepth": "63.8599968",
                "classRelease": "0",
                "armsLocked": "1",
                "bodyWeight": "1"
            }
        },
        {
            "start": "00:00:17.380",
            "end": "00:00:17.870",
            "annotations": {
                "compReleaseDepth": "4",
                "classDepth": "0",
                "classRate": "1",
                "compMeanRate": "111",
                "compDepth": "62.5",
                "classRelease": "0",
                "armsLocked": "1",
                "bodyWeight": "1"
            }
        },
        {
            "start": "00:00:17.930",
            "end": "00:00:18.400",
            "annotations": {
                "compReleaseDepth": "4",
                "classDepth": "0",
                "classRate": "1",
                "compMeanRate": "111",
                "compDepth": "62.0499992",
                "classRelease": "0",
                "armsLocked": "1",
                "bodyWeight": "1"
            }
        },
        {
            "start": "00:00:18.480",
            "end": "00:00:18.980",
            "annotations": {
                "compReleaseDepth": "6.10999966",
                "classDepth": "1",
                "classRate": "1",
                "compMeanRate": "109",
                "compDepth": "60.6800003",
                "classRelease": "0",
                "armsLocked": "1",
                "bodyWeight": "1"
            }
        },
        {
            "start": "00:00:19.020",
            "end": "00:00:19.510",
            "annotations": {
                "compReleaseDepth": "5.82999992",
                "classDepth": "1",
                "classRate": "1",
                "compMeanRate": "110",
                "compDepth": "63.4099998",
                "classRelease": "0",
                "armsLocked": "1",
                "bodyWeight": "1"
            }
        },
        {
            "start": "00:00:19.570",
            "end": "00:00:20.090",
            "annotations": {
                "compReleaseDepth": "5",
                "classDepth": "0",
                "classRate": "1",
                "compMeanRate": "109",
                "compDepth": "62.5",
                "classRelease": "0",
                "armsLocked": "1",
                "bodyWeight": "1"
            }
        },
        {
            "start": "00:00:20.130",
            "end": "00:00:20.590",
            "annotations": {
                "compReleaseDepth": "5.55999994",
                "classDepth": "1",
                "classRate": "1",
                "compMeanRate": "110",
                "compDepth": "62.5",
                "classRelease": "0",
                "armsLocked": "1",
                "bodyWeight": "1"
            }
        },
        {
            "start": "00:00:20.680",
            "end": "00:00:21.140",
            "annotations": {
                "compReleaseDepth": "6.67000008",
                "classDepth": "1",
                "classRate": "1",
                "compMeanRate": "109",
                "compDepth": "61.1399994",
                "classRelease": "0",
                "armsLocked": "1",
                "bodyWeight": "1"
            }
        },
        {
            "start": "00:00:21.230",
            "end": "00:00:21.690",
            "annotations": {
                "compReleaseDepth": "6.67000008",
                "classDepth": "1",
                "classRate": "1",
                "compMeanRate": "108",
                "compDepth": "62.5",
                "classRelease": "0",
                "armsLocked": "1",
                "bodyWeight": "1"
            }
        },
        {
            "start": "00:00:21.780",
            "end": "00:00:22.240",
            "annotations": {
                "compReleaseDepth": "5.82999992",
                "classDepth": "1",
                "classRate": "1",
                "compMeanRate": "109",
                "compDepth": "62.0499992",
                "classRelease": "0",
                "armsLocked": "1",
                "bodyWeight": "1"
            }
        },
        {
            "start": "00:00:22.310",
            "end": "00:00:22.790",
            "annotations": {
                "compReleaseDepth": "10",
                "classDepth": "0",
                "classRate": "1",
                "compMeanRate": "109",
                "compDepth": "60.9099998",
                "classRelease": "0",
                "armsLocked": "1",
                "bodyWeight": "1"
            }
        },
        {
            "start": "00:00:22.860",
            "end": "00:00:23.340",
            "annotations": {
                "compReleaseDepth": "6.10999966",
                "classDepth": "1",
                "classRate": "1",
                "compMeanRate": "111",
                "compDepth": "62.5",
                "classRelease": "0",
                "armsLocked": "1",
                "bodyWeight": "1"
            }
        },
        {
            "start": "00:00:23.410",
            "end": "00:00:23.860",
            "annotations": {
                "compReleaseDepth": "6.67000008",
                "classDepth": "1",
                "classRate": "1",
                "compMeanRate": "111",
                "compDepth": "62.9499969",
                "classRelease": "0",
                "armsLocked": "1",
                "bodyWeight": "1"
            }
        },
        {
            "start": "00:00:23.960",
            "end": "00:00:24.450",
            "annotations": {
                "compReleaseDepth": "7.21999979",
                "classDepth": "1",
                "classRate": "1",
                "compMeanRate": "109",
                "compDepth": "60.6800003",
                "classRelease": "0",
                "armsLocked": "1",
                "bodyWeight": "1"
            }
        },
        {
            "start": "00:00:24.490",
            "end": "00:00:25.000",
            "annotations": {
                "compReleaseDepth": "5.82999992",
                "classDepth": "1",
                "classRate": "1",
                "compMeanRate": "109",
                "compDepth": "53.4099998",
                "classRelease": "1",
                "armsLocked": "1",
                "bodyWeight": "1"
            }
        },
        {
            "start": "00:00:25.050",
            "end": "00:00:25.520",
            "annotations": {
                "compReleaseDepth": "5.55999994",
                "classDepth": "1",
                "classRate": "1",
                "compMeanRate": "109",
                "compDepth": "62.5",
                "classRelease": "0",
                "armsLocked": "1",
                "bodyWeight": "1"
            }
        },
        {
            "start": "00:00:25.570",
            "end": "00:00:26.050",
            "annotations": {
                "compReleaseDepth": "6.38999987",
                "classDepth": "1",
                "classRate": "1",
                "compMeanRate": "111",
                "compDepth": "63.8599968",
                "classRelease": "0",
                "armsLocked": "1",
                "bodyWeight": "1"
            }
        },
        {
            "start": "00:00:26.090",
            "end": "00:00:26.560",
            "annotations": {
                "compReleaseDepth": "7.5",
                "classDepth": "1",
                "classRate": "1",
                "compMeanRate": "112",
                "compDepth": "63.1800003",
                "classRelease": "0",
                "armsLocked": "1",
                "bodyWeight": "1"
            }
        },
        {
            "start": "00:00:26.600",
            "end": "00:00:27.090",
            "annotations": {
                "compReleaseDepth": "6.67000008",
                "classDepth": "1",
                "classRate": "1",
                "compMeanRate": "113",
                "compDepth": "62.5",
                "classRelease": "0",
                "armsLocked": "1",
                "bodyWeight": "1"
            }
        },
        {
            "start": "00:00:27.120",
            "end": "00:00:27.600",
            "annotations": {
                "compReleaseDepth": "7.21999979",
                "classDepth": "1",
                "classRate": "1",
                "compMeanRate": "115",
                "compDepth": "63.4099998",
                "classRelease": "0",
                "armsLocked": "1",
                "bodyWeight": "1"
            }
        },
        {
            "start": "00:00:27.640",
            "end": "00:00:28.080",
            "annotations": {
                "compReleaseDepth": "6.67000008",
                "classDepth": "1",
                "classRate": "1",
                "compMeanRate": "116",
                "compDepth": "62.9499969",
                "classRelease": "0",
                "armsLocked": "1",
                "bodyWeight": "1"
            }
        },
        {
            "start": "00:00:28.160",
            "end": "00:00:28.630",
            "annotations": {
                "compReleaseDepth": "8.05999947",
                "classDepth": "1",
                "classRate": "1",
                "compMeanRate": "116",
                "compDepth": "60.2299995",
                "classRelease": "0",
                "armsLocked": "1",
                "bodyWeight": "1"
            }
        },
        {
            "start": "00:00:28.670",
            "end": "00:00:29.160",
            "annotations": {
                "compReleaseDepth": "9.71999931",
                "classDepth": "1",
                "classRate": "1",
                "compMeanRate": "115",
                "compDepth": "61.3599968",
                "classRelease": "0",
                "armsLocked": "1",
                "bodyWeight": "1"
            }
        },
        {
            "start": "00:00:29.200",
            "end": "00:00:29.740",
            "annotations": {
                "compReleaseDepth": "10",
                "classDepth": "0",
                "classRate": "1",
                "compMeanRate": "113",
                "compDepth": "52.9499969",
                "classRelease": "1",
                "armsLocked": "1",
                "bodyWeight": "1"
            }
        },
        {
            "start": "00:00:29.770",
            "end": "00:00:30.180",
            "annotations": {
                "compReleaseDepth": "7.77999973",
                "classDepth": "1",
                "classRate": "1",
                "compMeanRate": "114",
                "compDepth": "57.3799973",
                "classRelease": "1",
                "armsLocked": "1",
                "bodyWeight": "1"
            }
        },
        {
            "start": "00:00:30.230",
            "end": "00:00:30.710",
            "annotations": {
                "compReleaseDepth": "7.77999973",
                "classDepth": "1",
                "classRate": "1",
                "compMeanRate": "114",
                "compDepth": "63.8599968",
                "classRelease": "0",
                "armsLocked": "1",
                "bodyWeight": "1"
            }
        },
        {
            "start": "00:00:30.770",
            "end": "00:00:31.250",
            "annotations": {
                "compReleaseDepth": "10.5299997",
                "classDepth": "0",
                "classRate": "1",
                "compMeanRate": "116",
                "compDepth": "63.4099998",
                "classRelease": "0",
                "armsLocked": "1",
                "bodyWeight": "1"
            }
        },
        {
            "start": "00:00:31.310",
            "end": "00:00:31.860",
            "annotations": {
                "compReleaseDepth": "5.55999994",
                "classDepth": "1",
                "classRate": "1",
                "compMeanRate": "108",
                "compDepth": "59.7599983",
                "classRelease": "1",
                "armsLocked": "1",
                "bodyWeight": "1"
            }
        },
        {
            "start": "00:00:31.950",
            "end": "00:00:32.409",
            "annotations": {
                "compReleaseDepth": "5.55999994",
                "classDepth": "1",
                "classRate": "1",
                "compMeanRate": "107",
                "compDepth": "55.9499969",
                "classRelease": "1",
                "armsLocked": "1",
                "bodyWeight": "1"
            }
        },
        {
            "start": "00:00:32.490",
            "end": "00:00:32.990",
            "annotations": {
                "compReleaseDepth": "6.38999987",
                "classDepth": "1",
                "classRate": "1",
                "compMeanRate": "105",
                "compDepth": "56.6699982",
                "classRelease": "1",
                "armsLocked": "1",
                "bodyWeight": "1"
            }
        },
        {
            "start": "00:00:33.030",
            "end": "00:00:33.630",
            "annotations": {
                "compReleaseDepth": "4",
                "classDepth": "0",
                "classRate": "1",
                "compMeanRate": "110",
                "compDepth": "62.5",
                "classRelease": "0",
                "armsLocked": "1",
                "bodyWeight": "1"
            }
        },
        {
            "start": "00:00:33.710",
            "end": "00:00:34.200",
            "annotations": {
                "compReleaseDepth": "6.67000008",
                "classDepth": "1",
                "classRate": "1",
                "compMeanRate": "102",
                "compDepth": "55",
                "classRelease": "1",
                "armsLocked": "1",
                "bodyWeight": "1"
            }
        },
        {
            "start": "00:00:34.280",
            "end": "00:00:34.790",
            "annotations": {
                "compReleaseDepth": "6.67000008",
                "classDepth": "1",
                "classRate": "0",
                "compMeanRate": "99",
                "compDepth": "58.329998",
                "classRelease": "1",
                "armsLocked": "1",
                "bodyWeight": "1"
            }
        },
        {
            "start": "00:00:34.840",
            "end": "00:00:35.330",
            "annotations": {
                "compReleaseDepth": "6.67000008",
                "classDepth": "1",
                "classRate": "0",
                "compMeanRate": "99",
                "compDepth": "56.8999977",
                "classRelease": "1",
                "armsLocked": "1",
                "bodyWeight": "1"
            }
        },
        {
            "start": "00:00:35.390",
            "end": "00:00:35.890",
            "annotations": {
                "compReleaseDepth": "6.67000008",
                "classDepth": "1",
                "classRate": "1",
                "compMeanRate": "106",
                "compDepth": "55",
                "classRelease": "1",
                "armsLocked": "1",
                "bodyWeight": "1"
            }
        },
        {
            "start": "00:00:35.950",
            "end": "00:00:36.420",
            "annotations": {
                "compReleaseDepth": "10",
                "classDepth": "0",
                "classRate": "1",
                "compMeanRate": "109",
                "compDepth": "58.8099976",
                "classRelease": "1",
                "armsLocked": "1",
                "bodyWeight": "1"
            }
        },
        {
            "start": "00:00:36.490",
            "end": "00:00:37.320",
            "annotations": {
                "compReleaseDepth": "5",
                "classDepth": "0",
                "classRate": "1",
                "compMeanRate": "111",
                "compDepth": "63.1800003",
                "classRelease": "0",
                "armsLocked": "1",
                "bodyWeight": "1"
            }
        },
        {
            "start": "00:00:38.050",
            "end": "00:00:38.450",
            "annotations": {
                "compReleaseDepth": "9.17000008",
                "classDepth": "1",
                "classRate": "1",
                "compMeanRate": "113",
                "compDepth": "48.8099976",
                "classRelease": "0",
                "armsLocked": "0",
                "bodyWeight": "1"
            }
        },
        {
            "start": "00:00:38.640",
            "end": "00:00:39.050",
            "annotations": {
                "compReleaseDepth": "7.77999973",
                "classDepth": "1",
                "classRate": "1",
                "compMeanRate": "116",
                "compDepth": "54.3199997",
                "classRelease": "1",
                "armsLocked": "0",
                "bodyWeight": "1"
            }
        },
        {
            "start": "00:00:39.140",
            "end": "00:00:39.450",
            "annotations": {
                "compReleaseDepth": "5.27999973",
                "classDepth": "1",
                "classRate": "1",
                "compMeanRate": "119",
                "compDepth": "55.9499969",
                "classRelease": "1",
                "armsLocked": "0",
                "bodyWeight": "1"
            }
        },
        {
            "start": "00:00:39.580",
            "end": "00:00:39.950",
            "annotations": {
                "compReleaseDepth": "5.55999994",
                "classDepth": "1",
                "classRate": "0",
                "compMeanRate": "121",
                "compDepth": "56.8999977",
                "classRelease": "1",
                "armsLocked": "0",
                "bodyWeight": "1"
            }
        },
        {
            "start": "00:00:40.120",
            "end": "00:00:40.490",
            "annotations": {
                "compReleaseDepth": "5.55999994",
                "classDepth": "1",
                "classRate": "1",
                "compMeanRate": "117",
                "compDepth": "53.6399994",
                "classRelease": "1",
                "armsLocked": "0",
                "bodyWeight": "1"
            }
        },
        {
            "start": "00:00:40.620",
            "end": "00:00:41.000",
            "annotations": {
                "compReleaseDepth": "5.55999994",
                "classDepth": "1",
                "classRate": "1",
                "compMeanRate": "116",
                "compDepth": "52.5",
                "classRelease": "1",
                "armsLocked": "0",
                "bodyWeight": "1"
            }
        },
        {
            "start": "00:00:41.150",
            "end": "00:00:41.500",
            "annotations": {
                "compReleaseDepth": "4.5",
                "classDepth": "0",
                "classRate": "1",
                "compMeanRate": "115",
                "compDepth": "52.0499992",
                "classRelease": "1",
                "armsLocked": "0",
                "bodyWeight": "1"
            }
        },
        {
            "start": "00:00:41.640",
            "end": "00:00:42.000",
            "annotations": {
                "compReleaseDepth": "3.5",
                "classDepth": "0",
                "classRate": "1",
                "compMeanRate": "118",
                "compDepth": "55.4799995",
                "classRelease": "1",
                "armsLocked": "0",
                "bodyWeight": "1"
            }
        },
        {
            "start": "00:00:42.170",
            "end": "00:00:42.540",
            "annotations": {
                "compReleaseDepth": "5",
                "classDepth": "0",
                "classRate": "1",
                "compMeanRate": "117",
                "compDepth": "52.9499969",
                "classRelease": "1",
                "armsLocked": "0",
                "bodyWeight": "1"
            }
        },
        {
            "start": "00:00:42.680",
            "end": "00:00:43.040",
            "annotations": {
                "compReleaseDepth": "6.10999966",
                "classDepth": "1",
                "classRate": "1",
                "compMeanRate": "117",
                "compDepth": "52.9499969",
                "classRelease": "1",
                "armsLocked": "0",
                "bodyWeight": "1"
            }
        },
        {
            "start": "00:00:43.180",
            "end": "00:00:43.540",
            "annotations": {
                "compReleaseDepth": "5",
                "classDepth": "0",
                "classRate": "1",
                "compMeanRate": "117",
                "compDepth": "54.0900002",
                "classRelease": "1",
                "armsLocked": "0",
                "bodyWeight": "1"
            }
        },
        {
            "start": "00:00:43.670",
            "end": "00:00:44.140",
            "annotations": {
                "compReleaseDepth": "5.55999994",
                "classDepth": "1",
                "classRate": "1",
                "compMeanRate": "118",
                "compDepth": "47.6199989",
                "classRelease": "0",
                "armsLocked": "0",
                "bodyWeight": "1"
            }
        },
        {
            "start": "00:00:44.230",
            "end": "00:00:44.650",
            "annotations": {
                "compReleaseDepth": "5.55999994",
                "classDepth": "1",
                "classRate": "1",
                "compMeanRate": "118",
                "compDepth": "44.75",
                "classRelease": "0",
                "armsLocked": "0",
                "bodyWeight": "1"
            }
        },
        {
            "start": "00:00:44.710",
            "end": "00:00:45.040",
            "annotations": {
                "compReleaseDepth": "5.55999994",
                "classDepth": "1",
                "classRate": "1",
                "compMeanRate": "118",
                "compDepth": "45.7099991",
                "classRelease": "0",
                "armsLocked": "0",
                "bodyWeight": "1"
            }
        },
        {
            "start": "00:00:45.200",
            "end": "00:00:45.650",
            "annotations": {
                "compReleaseDepth": "5.82999992",
                "classDepth": "1",
                "classRate": "1",
                "compMeanRate": "120",
                "compDepth": "47.8600006",
                "classRelease": "0",
                "armsLocked": "0",
                "bodyWeight": "1"
            }
        },
        {
            "start": "00:00:45.680",
            "end": "00:00:46.140",
            "annotations": {
                "compReleaseDepth": "6.67000008",
                "classDepth": "1",
                "classRate": "1",
                "compMeanRate": "120",
                "compDepth": "45.2399979",
                "classRelease": "0",
                "armsLocked": "0",
                "bodyWeight": "1"
            }
        },
        {
            "start": "00:00:46.210",
            "end": "00:00:46.670",
            "annotations": {
                "compReleaseDepth": "5.82999992",
                "classDepth": "1",
                "classRate": "1",
                "compMeanRate": "120",
                "compDepth": "47.3799973",
                "classRelease": "0",
                "armsLocked": "0",
                "bodyWeight": "1"
            }
        },
        {
            "start": "00:00:46.730",
            "end": "00:00:47.070",
            "annotations": {
                "compReleaseDepth": "5",
                "classDepth": "0",
                "classRate": "1",
                "compMeanRate": "118",
                "compDepth": "49.5200005",
                "classRelease": "0",
                "armsLocked": "0",
                "bodyWeight": "1"
            }
        },
        {
            "start": "00:00:47.210",
            "end": "00:00:47.720",
            "annotations": {
                "compReleaseDepth": "5.27999973",
                "classDepth": "1",
                "classRate": "1",
                "compMeanRate": "116",
                "compDepth": "47.6199989",
                "classRelease": "0",
                "armsLocked": "0",
                "bodyWeight": "1"
            }
        },
        {
            "start": "00:00:47.750",
            "end": "00:00:48.230",
            "annotations": {
                "compReleaseDepth": "6.94000006",
                "classDepth": "1",
                "classRate": "1",
                "compMeanRate": "114",
                "compDepth": "43.75",
                "classRelease": "0",
                "armsLocked": "0",
                "bodyWeight": "1"
            }
        },
        {
            "start": "00:00:48.270",
            "end": "00:00:48.740",
            "annotations": {
                "compReleaseDepth": "6.38999987",
                "classDepth": "1",
                "classRate": "1",
                "compMeanRate": "115",
                "compDepth": "43",
                "classRelease": "0",
                "armsLocked": "0",
                "bodyWeight": "1"
            }
        },
        {
            "start": "00:00:48.780",
            "end": "00:00:49.240",
            "annotations": {
                "compReleaseDepth": "6.67000008",
                "classDepth": "1",
                "classRate": "1",
                "compMeanRate": "117",
                "compDepth": "47.1399994",
                "classRelease": "0",
                "armsLocked": "0",
                "bodyWeight": "1"
            }
        },
        {
            "start": "00:00:49.290",
            "end": "00:00:49.760",
            "annotations": {
                "compReleaseDepth": "5.55999994",
                "classDepth": "1",
                "classRate": "1",
                "compMeanRate": "117",
                "compDepth": "45.2399979",
                "classRelease": "0",
                "armsLocked": "0",
                "bodyWeight": "1"
            }
        },
        {
            "start": "00:00:49.810",
            "end": "00:00:50.250",
            "annotations": {
                "compReleaseDepth": "5.55999994",
                "classDepth": "1",
                "classRate": "1",
                "compMeanRate": "119",
                "compDepth": "47.3799973",
                "classRelease": "0",
                "armsLocked": "0",
                "bodyWeight": "1"
            }
        },
        {
            "start": "00:00:50.320",
            "end": "00:00:50.770",
            "annotations": {
                "compReleaseDepth": "5.55999994",
                "classDepth": "1",
                "classRate": "1",
                "compMeanRate": "118",
                "compDepth": "43.75",
                "classRelease": "0",
                "armsLocked": "0",
                "bodyWeight": "1"
            }
        },
        {
            "start": "00:00:50.830",
            "end": "00:00:51.250",
            "annotations": {
                "compReleaseDepth": "5.55999994",
                "classDepth": "1",
                "classRate": "1",
                "compMeanRate": "120",
                "compDepth": "43.5",
                "classRelease": "0",
                "armsLocked": "0",
                "bodyWeight": "1"
            }
        },
        {
            "start": "00:00:51.340",
            "end": "00:00:51.790",
            "annotations": {
                "compReleaseDepth": "5",
                "classDepth": "0",
                "classRate": "1",
                "compMeanRate": "117",
                "compDepth": "48.329998",
                "classRelease": "0",
                "armsLocked": "0",
                "bodyWeight": "1"
            }
        },
        {
            "start": "00:00:51.810",
            "end": "00:00:52.290",
            "annotations": {
                "compReleaseDepth": "5",
                "classDepth": "0",
                "classRate": "1",
                "compMeanRate": "118",
                "compDepth": "46.1899986",
                "classRelease": "0",
                "armsLocked": "0",
                "bodyWeight": "1"
            }
        },
        {
            "start": "00:00:52.330",
            "end": "00:00:52.810",
            "annotations": {
                "compReleaseDepth": "5.82999992",
                "classDepth": "1",
                "classRate": "1",
                "compMeanRate": "119",
                "compDepth": "45.7099991",
                "classRelease": "0",
                "armsLocked": "0",
                "bodyWeight": "1"
            }
        },
        {
            "start": "00:00:52.830",
            "end": "00:00:53.160",
            "annotations": {
                "compReleaseDepth": "5.55999994",
                "classDepth": "1",
                "classRate": "0",
                "compMeanRate": "121",
                "compDepth": "45.2399979",
                "classRelease": "0",
                "armsLocked": "0",
                "bodyWeight": "1"
            }
        },
        {
            "start": "00:00:53.300",
            "end": "00:00:53.800",
            "annotations": {
                "compReleaseDepth": "5",
                "classDepth": "0",
                "classRate": "0",
                "compMeanRate": "121",
                "compDepth": "49.0499992",
                "classRelease": "0",
                "armsLocked": "0",
                "bodyWeight": "1"
            }
        },
        {
            "start": "00:00:53.830",
            "end": "00:00:54.330",
            "annotations": {
                "compReleaseDepth": "5",
                "classDepth": "0",
                "classRate": "1",
                "compMeanRate": "118",
                "compDepth": "53.1800003",
                "classRelease": "1",
                "armsLocked": "0",
                "bodyWeight": "1"
            }
        },
        {
            "start": "00:00:54.370",
            "end": "00:00:54.840",
            "annotations": {
                "compReleaseDepth": "5.82999992",
                "classDepth": "1",
                "classRate": "1",
                "compMeanRate": "117",
                "compDepth": "59.0499992",
                "classRelease": "1",
                "armsLocked": "0",
                "bodyWeight": "1"
            }
        },
        {
            "start": "00:00:54.850",
            "end": "00:00:55.310",
            "annotations": {
                "compReleaseDepth": "4",
                "classDepth": "0",
                "classRate": "1",
                "compMeanRate": "117",
                "compDepth": "55.2399979",
                "classRelease": "1",
                "armsLocked": "0",
                "bodyWeight": "1"
            }
        },
        {
            "start": "00:00:55.370",
            "end": "00:00:55.870",
            "annotations": {
                "compReleaseDepth": "4.5",
                "classDepth": "0",
                "classRate": "1",
                "compMeanRate": "119",
                "compDepth": "55",
                "classRelease": "1",
                "armsLocked": "0",
                "bodyWeight": "1"
            }
        },
        {
            "start": "00:00:55.880",
            "end": "00:00:56.340",
            "annotations": {
                "compReleaseDepth": "5.27999973",
                "classDepth": "1",
                "classRate": "1",
                "compMeanRate": "117",
                "compDepth": "47.6199989",
                "classRelease": "0",
                "armsLocked": "0",
                "bodyWeight": "1"
            }
        },
        {
            "start": "00:00:56.380",
            "end": "00:00:56.890",
            "annotations": {
                "compReleaseDepth": "4.5",
                "classDepth": "0",
                "classRate": "1",
                "compMeanRate": "117",
                "compDepth": "47.6199989",
                "classRelease": "0",
                "armsLocked": "0",
                "bodyWeight": "1"
            }
        },
        {
            "start": "00:00:56.890",
            "end": "00:00:57.380",
            "annotations": {
                "compReleaseDepth": "4.5",
                "classDepth": "0",
                "classRate": "1",
                "compMeanRate": "118",
                "compDepth": "46.6699982",
                "classRelease": "0",
                "armsLocked": "0",
                "bodyWeight": "1"
            }
        },
        {
            "start": "00:00:57.390",
            "end": "00:00:57.830",
            "annotations": {
                "compReleaseDepth": "4",
                "classDepth": "0",
                "classRate": "1",
                "compMeanRate": "119",
                "compDepth": "43.75",
                "classRelease": "0",
                "armsLocked": "0",
                "bodyWeight": "1"
            }
        },
        {
            "start": "00:00:57.890",
            "end": "00:00:58.370",
            "annotations": {
                "compReleaseDepth": "4",
                "classDepth": "0",
                "classRate": "1",
                "compMeanRate": "118",
                "compDepth": "45.7099991",
                "classRelease": "0",
                "armsLocked": "0",
                "bodyWeight": "1"
            }
        },
        {
            "start": "00:00:58.410",
            "end": "00:00:58.870",
            "annotations": {
                "compReleaseDepth": "4",
                "classDepth": "0",
                "classRate": "1",
                "compMeanRate": "117",
                "compDepth": "46.6699982",
                "classRelease": "0",
                "armsLocked": "0",
                "bodyWeight": "1"
            }
        },
        {
            "start": "00:00:58.910",
            "end": "00:00:59.840",
            "annotations": {
                "compReleaseDepth": "4",
                "classDepth": "0",
                "classRate": "1",
                "compMeanRate": "119",
                "compDepth": "48.5699997",
                "classRelease": "0",
                "armsLocked": "0",
                "bodyWeight": "0"
            }
        },
        {
            "start": "00:00:59.950",
            "end": "00:01:00.390",
            "annotations": {
                "compReleaseDepth": "5.55999994",
                "classDepth": "1",
                "classRate": "0",
                "compMeanRate": "99",
                "compDepth": "46.6699982",
                "classRelease": "0",
                "armsLocked": "0",
                "bodyWeight": "0"
            }
        },
        {
            "start": "00:01:00.510",
            "end": "00:01:00.980",
            "annotations": {
                "compReleaseDepth": "5.55999994",
                "classDepth": "1",
                "classRate": "0",
                "compMeanRate": "95",
                "compDepth": "44.25",
                "classRelease": "0",
                "armsLocked": "0",
                "bodyWeight": "0"
            }
        },
        {
            "start": "00:01:01.020",
            "end": "00:01:01.490",
            "annotations": {
                "compReleaseDepth": "6.10999966",
                "classDepth": "1",
                "classRate": "0",
                "compMeanRate": "93",
                "compDepth": "41.75",
                "classRelease": "0",
                "armsLocked": "0",
                "bodyWeight": "0"
            }
        },
        {
            "start": "00:01:01.520",
            "end": "00:01:01.850",
            "annotations": {
                "compReleaseDepth": "5.55999994",
                "classDepth": "1",
                "classRate": "1",
                "compMeanRate": "114",
                "compDepth": "40.75",
                "classRelease": "0",
                "armsLocked": "0",
                "bodyWeight": "0"
            }
        },
        {
            "start": "00:01:02.040",
            "end": "00:01:02.490",
            "annotations": {
                "compReleaseDepth": "5.27999973",
                "classDepth": "1",
                "classRate": "1",
                "compMeanRate": "117",
                "compDepth": "36.25",
                "classRelease": "0",
                "armsLocked": "0",
                "bodyWeight": "0"
            }
        },
        {
            "start": "00:01:02.540",
            "end": "00:01:02.990",
            "annotations": {
                "compReleaseDepth": "4",
                "classDepth": "0",
                "classRate": "1",
                "compMeanRate": "120",
                "compDepth": "44.75",
                "classRelease": "0",
                "armsLocked": "0",
                "bodyWeight": "0"
            }
        },
        {
            "start": "00:01:03.070",
            "end": "00:01:03.480",
            "annotations": {
                "compReleaseDepth": "4",
                "classDepth": "0",
                "classRate": "0",
                "compMeanRate": "121",
                "compDepth": "49.2899971",
                "classRelease": "0",
                "armsLocked": "0",
                "bodyWeight": "0"
            }
        },
        {
            "start": "00:01:03.560",
            "end": "00:01:03.880",
            "annotations": {
                "compReleaseDepth": "4",
                "classDepth": "0",
                "classRate": "0",
                "compMeanRate": "122",
                "compDepth": "49.5200005",
                "classRelease": "0",
                "armsLocked": "0",
                "bodyWeight": "0"
            }
        },
        {
            "start": "00:01:04.060",
            "end": "00:01:04.510",
            "annotations": {
                "compReleaseDepth": "3.5",
                "classDepth": "0",
                "classRate": "1",
                "compMeanRate": "120",
                "compDepth": "46.1899986",
                "classRelease": "0",
                "armsLocked": "0",
                "bodyWeight": "0"
            }
        },
        {
            "start": "00:01:04.560",
            "end": "00:01:04.989",
            "annotations": {
                "compReleaseDepth": "4.5",
                "classDepth": "0",
                "classRate": "1",
                "compMeanRate": "114",
                "compDepth": "42.75",
                "classRelease": "0",
                "armsLocked": "0",
                "bodyWeight": "0"
            }
        },
        {
            "start": "00:01:05.040",
            "end": "00:01:05.480",
            "annotations": {
                "compReleaseDepth": "5.55999994",
                "classDepth": "1",
                "classRate": "1",
                "compMeanRate": "116",
                "compDepth": "50.9099998",
                "classRelease": "1",
                "armsLocked": "0",
                "bodyWeight": "0"
            }
        },
        {
            "start": "00:01:05.560",
            "end": "00:01:06.050",
            "annotations": {
                "compReleaseDepth": "5.55999994",
                "classDepth": "1",
                "classRate": "1",
                "compMeanRate": "117",
                "compDepth": "57.3799973",
                "classRelease": "1",
                "armsLocked": "0",
                "bodyWeight": "0"
            }
        },
        {
            "start": "00:01:06.070",
            "end": "00:01:06.530",
            "annotations": {
                "compReleaseDepth": "4",
                "classDepth": "0",
                "classRate": "0",
                "compMeanRate": "121",
                "compDepth": "55",
                "classRelease": "1",
                "armsLocked": "0",
                "bodyWeight": "0"
            }
        },
        {
            "start": "00:01:06.590",
            "end": "00:01:06.970",
            "annotations": {
                "compReleaseDepth": "4",
                "classDepth": "0",
                "classRate": "0",
                "compMeanRate": "122",
                "compDepth": "53.1800003",
                "classRelease": "1",
                "armsLocked": "0",
                "bodyWeight": "0"
            }
        },
        {
            "start": "00:01:07.100",
            "end": "00:01:07.480",
            "annotations": {
                "compReleaseDepth": "4",
                "classDepth": "0",
                "classRate": "1",
                "compMeanRate": "115",
                "compDepth": "40.75",
                "classRelease": "0",
                "armsLocked": "0",
                "bodyWeight": "0"
            }
        },
        {
            "start": "00:01:07.600",
            "end": "00:01:08.090",
            "annotations": {
                "compReleaseDepth": "3",
                "classDepth": "0",
                "classRate": "1",
                "compMeanRate": "119",
                "compDepth": "52.2700005",
                "classRelease": "1",
                "armsLocked": "0",
                "bodyWeight": "0"
            }
        },
        {
            "start": "00:01:08.110",
            "end": "00:01:08.570",
            "annotations": {
                "compReleaseDepth": "3",
                "classDepth": "0",
                "classRate": "1",
                "compMeanRate": "117",
                "compDepth": "49.0499992",
                "classRelease": "0",
                "armsLocked": "0",
                "bodyWeight": "0"
            }
        },
        {
            "start": "00:01:08.620",
            "end": "00:01:09.030",
            "annotations": {
                "compReleaseDepth": "4",
                "classDepth": "0",
                "classRate": "0",
                "compMeanRate": "124",
                "compDepth": "55",
                "classRelease": "1",
                "armsLocked": "1",
                "bodyWeight": "0"
            }
        },
        {
            "start": "00:01:09.110",
            "end": "00:01:09.540",
            "annotations": {
                "compReleaseDepth": "4",
                "classDepth": "0",
                "classRate": "1",
                "compMeanRate": "120",
                "compDepth": "55.7099991",
                "classRelease": "1",
                "armsLocked": "1",
                "bodyWeight": "0"
            }
        },
        {
            "start": "00:01:09.610",
            "end": "00:01:10.020",
            "annotations": {
                "compReleaseDepth": "4",
                "classDepth": "0",
                "classRate": "1",
                "compMeanRate": "119",
                "compDepth": "50.4500008",
                "classRelease": "1",
                "armsLocked": "1",
                "bodyWeight": "0"
            }
        },
        {
            "start": "00:01:10.100",
            "end": "00:01:10.580",
            "annotations": {
                "compReleaseDepth": "4",
                "classDepth": "0",
                "classRate": "1",
                "compMeanRate": "119",
                "compDepth": "51.3600006",
                "classRelease": "1",
                "armsLocked": "1",
                "bodyWeight": "0"
            }
        },
        {
            "start": "00:01:10.620",
            "end": "00:01:11.110",
            "annotations": {
                "compReleaseDepth": "4.5",
                "classDepth": "0",
                "classRate": "1",
                "compMeanRate": "117",
                "compDepth": "50.4500008",
                "classRelease": "1",
                "armsLocked": "1",
                "bodyWeight": "0"
            }
        },
        {
            "start": "00:01:11.180",
            "end": "00:01:11.660",
            "annotations": {
                "compReleaseDepth": "4",
                "classDepth": "0",
                "classRate": "1",
                "compMeanRate": "114",
                "compDepth": "48.8099976",
                "classRelease": "0",
                "armsLocked": "1",
                "bodyWeight": "0"
            }
        },
        {
            "start": "00:01:11.680",
            "end": "00:01:12.170",
            "annotations": {
                "compReleaseDepth": "4",
                "classDepth": "0",
                "classRate": "1",
                "compMeanRate": "112",
                "compDepth": "45.7099991",
                "classRelease": "0",
                "armsLocked": "1",
                "bodyWeight": "0"
            }
        },
        {
            "start": "00:01:12.220",
            "end": "00:01:12.680",
            "annotations": {
                "compReleaseDepth": "5",
                "classDepth": "0",
                "classRate": "1",
                "compMeanRate": "114",
                "compDepth": "50.2299995",
                "classRelease": "1",
                "armsLocked": "1",
                "bodyWeight": "0"
            }
        },
        {
            "start": "00:01:12.710",
            "end": "00:01:13.140",
            "annotations": {
                "compReleaseDepth": "4",
                "classDepth": "0",
                "classRate": "1",
                "compMeanRate": "118",
                "compDepth": "52.9499969",
                "classRelease": "1",
                "armsLocked": "1",
                "bodyWeight": "0"
            }
        },
        {
            "start": "00:01:13.190",
            "end": "00:01:13.630",
            "annotations": {
                "compReleaseDepth": "4",
                "classDepth": "0",
                "classRate": "1",
                "compMeanRate": "120",
                "compDepth": "48.5699997",
                "classRelease": "0",
                "armsLocked": "1",
                "bodyWeight": "0"
            }
        },
        {
            "start": "00:01:13.690",
            "end": "00:01:14.140",
            "annotations": {
                "compReleaseDepth": "4",
                "classDepth": "0",
                "classRate": "1",
                "compMeanRate": "120",
                "compDepth": "45.7099991",
                "classRelease": "0",
                "armsLocked": "1",
                "bodyWeight": "0"
            }
        },
        {
            "start": "00:01:14.190",
            "end": "00:01:14.650",
            "annotations": {
                "compReleaseDepth": "3.5",
                "classDepth": "0",
                "classRate": "1",
                "compMeanRate": "119",
                "compDepth": "47.6199989",
                "classRelease": "0",
                "armsLocked": "1",
                "bodyWeight": "0"
            }
        },
        {
            "start": "00:01:14.690",
            "end": "00:01:15.160",
            "annotations": {
                "compReleaseDepth": "4.5",
                "classDepth": "0",
                "classRate": "0",
                "compMeanRate": "121",
                "compDepth": "55",
                "classRelease": "1",
                "armsLocked": "1",
                "bodyWeight": "0"
            }
        },
        {
            "start": "00:01:15.210",
            "end": "00:01:15.650",
            "annotations": {
                "compReleaseDepth": "4",
                "classDepth": "0",
                "classRate": "0",
                "compMeanRate": "121",
                "compDepth": "51.3600006",
                "classRelease": "1",
                "armsLocked": "1",
                "bodyWeight": "0"
            }
        },
        {
            "start": "00:01:15.710",
            "end": "00:01:16.270",
            "annotations": {
                "compReleaseDepth": "3",
                "classDepth": "0",
                "classRate": "1",
                "compMeanRate": "119",
                "compDepth": "52.2700005",
                "classRelease": "1",
                "armsLocked": "1",
                "bodyWeight": "0"
            }
        },
        {
            "start": "00:01:16.270",
            "end": "00:01:16.760",
            "annotations": {
                "compReleaseDepth": "3.5",
                "classDepth": "0",
                "classRate": "1",
                "compMeanRate": "113",
                "compDepth": "46.4300003",
                "classRelease": "0",
                "armsLocked": "1",
                "bodyWeight": "0"
            }
        },
        {
            "start": "00:01:16.790",
            "end": "00:01:17.240",
            "annotations": {
                "compReleaseDepth": "4",
                "classDepth": "0",
                "classRate": "1",
                "compMeanRate": "111",
                "compDepth": "43.5",
                "classRelease": "0",
                "armsLocked": "1",
                "bodyWeight": "0"
            }
        },
        {
            "start": "00:01:17.320",
            "end": "00:01:17.650",
            "annotations": {
                "compReleaseDepth": "3.5",
                "classDepth": "0",
                "classRate": "1",
                "compMeanRate": "114",
                "compDepth": "52.2700005",
                "classRelease": "1",
                "armsLocked": "1",
                "bodyWeight": "0"
            }
        },
        {
            "start": "00:01:17.790",
            "end": "00:01:18.320",
            "annotations": {
                "compReleaseDepth": "2",
                "classDepth": "0",
                "classRate": "1",
                "compMeanRate": "117",
                "compDepth": "46.1899986",
                "classRelease": "0",
                "armsLocked": "1",
                "bodyWeight": "0"
            }
        },
        {
            "start": "00:01:18.320",
            "end": "00:01:18.660",
            "annotations": {
                "compReleaseDepth": "2.5",
                "classDepth": "0",
                "classRate": "1",
                "compMeanRate": "120",
                "compDepth": "50.9099998",
                "classRelease": "1",
                "armsLocked": "1",
                "bodyWeight": "0"
            }
        },
        {
            "start": "00:01:19.000",
            "end": "00:01:19.450",
            "annotations": {
                "compReleaseDepth": "4",
                "classDepth": "0",
                "classRate": "1",
                "compMeanRate": "108",
                "compDepth": "12.8899994",
                "classRelease": "0",
                "armsLocked": "0",
                "bodyWeight": "0"
            }
        },
        {
            "start": "00:01:19.620",
            "end": "00:01:19.990",
            "annotations": {
                "compReleaseDepth": "6.94000006",
                "classDepth": "1",
                "classRate": "1",
                "compMeanRate": "100",
                "compDepth": "21.6700001",
                "classRelease": "0",
                "armsLocked": "0",
                "bodyWeight": "0"
            }
        },
        {
            "start": "00:01:20.090",
            "end": "00:01:20.850",
            "annotations": {
                "compReleaseDepth": "8.88999939",
                "classDepth": "1",
                "classRate": "0",
                "compMeanRate": "91",
                "compDepth": "52.9499969",
                "classRelease": "1",
                "armsLocked": "1",
                "bodyWeight": "1"
            }
        },
        {
            "start": "00:01:20.880",
            "end": "00:01:21.340",
            "annotations": {
                "compReleaseDepth": "7.77999973",
                "classDepth": "1",
                "classRate": "0",
                "compMeanRate": "94",
                "compDepth": "56.4300003",
                "classRelease": "1",
                "armsLocked": "1",
                "bodyWeight": "1"
            }
        },
        {
            "start": "00:01:21.380",
            "end": "00:01:21.850",
            "annotations": {
                "compReleaseDepth": "7.5",
                "classDepth": "1",
                "classRate": "1",
                "compMeanRate": "101",
                "compDepth": "59.7599983",
                "classRelease": "1",
                "armsLocked": "1",
                "bodyWeight": "1"
            }
        },
        {
            "start": "00:01:21.870",
            "end": "00:01:22.340",
            "annotations": {
                "compReleaseDepth": "9.71999931",
                "classDepth": "1",
                "classRate": "1",
                "compMeanRate": "111",
                "compDepth": "62.2700005",
                "classRelease": "0",
                "armsLocked": "1",
                "bodyWeight": "1"
            }
        },
        {
            "start": "00:01:22.360",
            "end": "00:01:22.810",
            "annotations": {
                "compReleaseDepth": "7.77999973",
                "classDepth": "1",
                "classRate": "1",
                "compMeanRate": "120",
                "compDepth": "62.9499969",
                "classRelease": "0",
                "armsLocked": "1",
                "bodyWeight": "1"
            }
        },
        {
            "start": "00:01:22.870",
            "end": "00:01:23.330",
            "annotations": {
                "compReleaseDepth": "6.67000008",
                "classDepth": "1",
                "classRate": "0",
                "compMeanRate": "121",
                "compDepth": "61.3599968",
                "classRelease": "0",
                "armsLocked": "1",
                "bodyWeight": "1"
            }
        },
        {
            "start": "00:01:23.390",
            "end": "00:01:23.900",
            "annotations": {
                "compReleaseDepth": "5.55999994",
                "classDepth": "1",
                "classRate": "1",
                "compMeanRate": "119",
                "compDepth": "61.1399994",
                "classRelease": "0",
                "armsLocked": "1",
                "bodyWeight": "1"
            }
        },
        {
            "start": "00:01:23.960",
            "end": "00:01:24.410",
            "annotations": {
                "compReleaseDepth": "5.55999994",
                "classDepth": "1",
                "classRate": "1",
                "compMeanRate": "114",
                "compDepth": "58.8099976",
                "classRelease": "1",
                "armsLocked": "1",
                "bodyWeight": "1"
            }
        },
        {
            "start": "00:01:24.490",
            "end": "00:01:25.000",
            "annotations": {
                "compReleaseDepth": "3",
                "classDepth": "0",
                "classRate": "1",
                "compMeanRate": "113",
                "compDepth": "62.5",
                "classRelease": "0",
                "armsLocked": "1",
                "bodyWeight": "1"
            }
        },
        {
            "start": "00:01:24.990",
            "end": "00:01:25.460",
            "annotations": {
                "compReleaseDepth": "5",
                "classDepth": "0",
                "classRate": "1",
                "compMeanRate": "113",
                "compDepth": "58.8099976",
                "classRelease": "1",
                "armsLocked": "1",
                "bodyWeight": "1"
            }
        },
        {
            "start": "00:01:25.510",
            "end": "00:01:25.980",
            "annotations": {
                "compReleaseDepth": "5.82999992",
                "classDepth": "1",
                "classRate": "1",
                "compMeanRate": "113",
                "compDepth": "63.4099998",
                "classRelease": "0",
                "armsLocked": "1",
                "bodyWeight": "1"
            }
        },
        {
            "start": "00:01:26.020",
            "end": "00:01:26.520",
            "annotations": {
                "compReleaseDepth": "5.55999994",
                "classDepth": "1",
                "classRate": "1",
                "compMeanRate": "113",
                "compDepth": "59.5200005",
                "classRelease": "1",
                "armsLocked": "1",
                "bodyWeight": "1"
            }
        },
        {
            "start": "00:01:26.570",
            "end": "00:01:27.010",
            "annotations": {
                "compReleaseDepth": "6.67000008",
                "classDepth": "1",
                "classRate": "1",
                "compMeanRate": "113",
                "compDepth": "58.8099976",
                "classRelease": "1",
                "armsLocked": "1",
                "bodyWeight": "1"
            }
        },
        {
            "start": "00:01:27.110",
            "end": "00:01:27.600",
            "annotations": {
                "compReleaseDepth": "5.55999994",
                "classDepth": "1",
                "classRate": "1",
                "compMeanRate": "113",
                "compDepth": "57.8600006",
                "classRelease": "1",
                "armsLocked": "1",
                "bodyWeight": "1"
            }
        },
        {
            "start": "00:01:27.620",
            "end": "00:01:28.120",
            "annotations": {
                "compReleaseDepth": "5.82999992",
                "classDepth": "1",
                "classRate": "1",
                "compMeanRate": "111",
                "compDepth": "53.1800003",
                "classRelease": "1",
                "armsLocked": "1",
                "bodyWeight": "1"
            }
        },
        {
            "start": "00:01:28.160",
            "end": "00:01:28.690",
            "annotations": {
                "compReleaseDepth": "6.38999987",
                "classDepth": "1",
                "classRate": "1",
                "compMeanRate": "111",
                "compDepth": "55.9499969",
                "classRelease": "1",
                "armsLocked": "1",
                "bodyWeight": "1"
            }
        },
        {
            "start": "00:01:28.700",
            "end": "00:01:29.210",
            "annotations": {
                "compReleaseDepth": "6.38999987",
                "classDepth": "1",
                "classRate": "1",
                "compMeanRate": "110",
                "compDepth": "56.8999977",
                "classRelease": "1",
                "armsLocked": "1",
                "bodyWeight": "1"
            }
        },
        {
            "start": "00:01:29.240",
            "end": "00:01:29.750",
            "annotations": {
                "compReleaseDepth": "6.67000008",
                "classDepth": "1",
                "classRate": "1",
                "compMeanRate": "111",
                "compDepth": "55.9499969",
                "classRelease": "1",
                "armsLocked": "1",
                "bodyWeight": "1"
            }
        },
        {
            "start": "00:01:29.770",
            "end": "00:01:30.310",
            "annotations": {
                "compReleaseDepth": "5.27999973",
                "classDepth": "1",
                "classRate": "1",
                "compMeanRate": "111",
                "compDepth": "56.8999977",
                "classRelease": "1",
                "armsLocked": "1",
                "bodyWeight": "1"
            }
        },
        {
            "start": "00:01:30.310",
            "end": "00:01:30.790",
            "annotations": {
                "compReleaseDepth": "5.55999994",
                "classDepth": "1",
                "classRate": "1",
                "compMeanRate": "111",
                "compDepth": "55",
                "classRelease": "1",
                "armsLocked": "1",
                "bodyWeight": "1"
            }
        },
        {
            "start": "00:01:30.850",
            "end": "00:01:31.320",
            "annotations": {
                "compReleaseDepth": "6.67000008",
                "classDepth": "1",
                "classRate": "1",
                "compMeanRate": "112",
                "compDepth": "53.1800003",
                "classRelease": "1",
                "armsLocked": "1",
                "bodyWeight": "1"
            }
        },
        {
            "start": "00:01:31.380",
            "end": "00:01:31.850",
            "annotations": {
                "compReleaseDepth": "6.10999966",
                "classDepth": "1",
                "classRate": "1",
                "compMeanRate": "113",
                "compDepth": "56.4300003",
                "classRelease": "1",
                "armsLocked": "1",
                "bodyWeight": "1"
            }
        },
        {
            "start": "00:01:31.900",
            "end": "00:01:32.420",
            "annotations": {
                "compReleaseDepth": "8.60999966",
                "classDepth": "1",
                "classRate": "1",
                "compMeanRate": "112",
                "compDepth": "56.8999977",
                "classRelease": "1",
                "armsLocked": "1",
                "bodyWeight": "1"
            }
        },
        {
            "start": "00:01:32.440",
            "end": "00:01:32.960",
            "annotations": {
                "compReleaseDepth": "7.77999973",
                "classDepth": "1",
                "classRate": "1",
                "compMeanRate": "111",
                "compDepth": "56.4300003",
                "classRelease": "1",
                "armsLocked": "1",
                "bodyWeight": "1"
            }
        },
        {
            "start": "00:01:33.020",
            "end": "00:01:33.490",
            "annotations": {
                "compReleaseDepth": "6.67000008",
                "classDepth": "1",
                "classRate": "1",
                "compMeanRate": "111",
                "compDepth": "54.5499992",
                "classRelease": "1",
                "armsLocked": "1",
                "bodyWeight": "1"
            }
        },
        {
            "start": "00:01:33.540",
            "end": "00:01:34.040",
            "annotations": {
                "compReleaseDepth": "5.55999994",
                "classDepth": "1",
                "classRate": "1",
                "compMeanRate": "110",
                "compDepth": "56.8999977",
                "classRelease": "1",
                "armsLocked": "1",
                "bodyWeight": "1"
            }
        },
        {
            "start": "00:01:34.090",
            "end": "00:01:34.560",
            "annotations": {
                "compReleaseDepth": "5.82999992",
                "classDepth": "1",
                "classRate": "1",
                "compMeanRate": "111",
                "compDepth": "59.5200005",
                "classRelease": "1",
                "armsLocked": "1",
                "bodyWeight": "1"
            }
        },
        {
            "start": "00:01:34.610",
            "end": "00:01:35.100",
            "annotations": {
                "compReleaseDepth": "5.55999994",
                "classDepth": "1",
                "classRate": "1",
                "compMeanRate": "111",
                "compDepth": "57.8600006",
                "classRelease": "1",
                "armsLocked": "1",
                "bodyWeight": "1"
            }
        },
        {
            "start": "00:01:35.140",
            "end": "00:01:35.610",
            "annotations": {
                "compReleaseDepth": "6.67000008",
                "classDepth": "1",
                "classRate": "1",
                "compMeanRate": "112",
                "compDepth": "52.2700005",
                "classRelease": "1",
                "armsLocked": "1",
                "bodyWeight": "1"
            }
        },
        {
            "start": "00:01:35.690",
            "end": "00:01:36.180",
            "annotations": {
                "compReleaseDepth": "7.77999973",
                "classDepth": "1",
                "classRate": "1",
                "compMeanRate": "111",
                "compDepth": "54.0900002",
                "classRelease": "1",
                "armsLocked": "1",
                "bodyWeight": "1"
            }
        },
        {
            "start": "00:01:36.210",
            "end": "00:01:36.730",
            "annotations": {
                "compReleaseDepth": "4.5",
                "classDepth": "0",
                "classRate": "1",
                "compMeanRate": "113",
                "compDepth": "56.8999977",
                "classRelease": "1",
                "armsLocked": "1",
                "bodyWeight": "1"
            }
        },
        {
            "start": "00:01:36.750",
            "end": "00:01:37.200",
            "annotations": {
                "compReleaseDepth": "5.82999992",
                "classDepth": "1",
                "classRate": "1",
                "compMeanRate": "113",
                "compDepth": "55.9499969",
                "classRelease": "1",
                "armsLocked": "1",
                "bodyWeight": "1"
            }
        },
        {
            "start": "00:01:37.260",
            "end": "00:01:37.780",
            "annotations": {
                "compReleaseDepth": "5.55999994",
                "classDepth": "1",
                "classRate": "1",
                "compMeanRate": "114",
                "compDepth": "55.9499969",
                "classRelease": "1",
                "armsLocked": "1",
                "bodyWeight": "1"
            }
        },
        {
            "start": "00:01:37.780",
            "end": "00:01:38.280",
            "annotations": {
                "compReleaseDepth": "6.10999966",
                "classDepth": "1",
                "classRate": "1",
                "compMeanRate": "114",
                "compDepth": "55.7099991",
                "classRelease": "1",
                "armsLocked": "1",
                "bodyWeight": "1"
            }
        },
        {
            "start": "00:01:38.290",
            "end": "00:01:39.180",
            "annotations": {
                "compReleaseDepth": "7.77999973",
                "classDepth": "1",
                "classRate": "1",
                "compMeanRate": "117",
                "compDepth": "62.0499992",
                "classRelease": "0",
                "armsLocked": "1",
                "bodyWeight": "1"
            }
        },
        {
            "start": "00:01:39.900",
            "end": "00:01:40.210",
            "annotations": {
                "compReleaseDepth": "6.67000008",
                "classDepth": "1",
                "classRate": "1",
                "compMeanRate": "119",
                "compDepth": "14.21",
                "classRelease": "0",
                "armsLocked": "0",
                "bodyWeight": "1"
            }
        },
        {
            "start": "00:01:40.580",
            "end": "00:01:41.010",
            "annotations": {
                "compReleaseDepth": "4",
                "classDepth": "0",
                "classRate": "1",
                "compMeanRate": "108",
                "compDepth": "53.6399994",
                "classRelease": "1",
                "armsLocked": "0",
                "bodyWeight": "1"
            }
        },
        {
            "start": "00:01:41.100",
            "end": "00:01:41.570",
            "annotations": {
                "compReleaseDepth": "5.27999973",
                "classDepth": "1",
                "classRate": "1",
                "compMeanRate": "108",
                "compDepth": "59.0499992",
                "classRelease": "1",
                "armsLocked": "0",
                "bodyWeight": "1"
            }
        },
        {
            "start": "00:01:41.590",
            "end": "00:01:42.080",
            "annotations": {
                "compReleaseDepth": "5.55999994",
                "classDepth": "1",
                "classRate": "1",
                "compMeanRate": "106",
                "compDepth": "53.4099998",
                "classRelease": "1",
                "armsLocked": "0",
                "bodyWeight": "1"
            }
        },
        {
            "start": "00:01:42.120",
            "end": "00:01:42.600",
            "annotations": {
                "compReleaseDepth": "5",
                "classDepth": "0",
                "classRate": "1",
                "compMeanRate": "114",
                "compDepth": "48.5699997",
                "classRelease": "0",
                "armsLocked": "0",
                "bodyWeight": "1"
            }
        },
        {
            "start": "00:01:42.640",
            "end": "00:01:43.110",
            "annotations": {
                "compReleaseDepth": "5.27999973",
                "classDepth": "1",
                "classRate": "1",
                "compMeanRate": "114",
                "compDepth": "51.8199997",
                "classRelease": "1",
                "armsLocked": "0",
                "bodyWeight": "1"
            }
        },
        {
            "start": "00:01:43.140",
            "end": "00:01:43.600",
            "annotations": {
                "compReleaseDepth": "4",
                "classDepth": "0",
                "classRate": "1",
                "compMeanRate": "116",
                "compDepth": "53.1800003",
                "classRelease": "1",
                "armsLocked": "0",
                "bodyWeight": "1"
            }
        },
        {
            "start": "00:01:43.660",
            "end": "00:01:44.110",
            "annotations": {
                "compReleaseDepth": "5.27999973",
                "classDepth": "1",
                "classRate": "0",
                "compMeanRate": "121",
                "compDepth": "58.8099976",
                "classRelease": "1",
                "armsLocked": "0",
                "bodyWeight": "1"
            }
        },
        {
            "start": "00:01:44.120",
            "end": "00:01:44.620",
            "annotations": {
                "compReleaseDepth": "4",
                "classDepth": "0",
                "classRate": "0",
                "compMeanRate": "122",
                "compDepth": "55.9499969",
                "classRelease": "1",
                "armsLocked": "0",
                "bodyWeight": "1"
            }
        },
        {
            "start": "00:01:44.620",
            "end": "00:01:45.090",
            "annotations": {
                "compReleaseDepth": "4",
                "classDepth": "0",
                "classRate": "0",
                "compMeanRate": "121",
                "compDepth": "53.1800003",
                "classRelease": "1",
                "armsLocked": "0",
                "bodyWeight": "1"
            }
        },
        {
            "start": "00:01:45.140",
            "end": "00:01:45.620",
            "annotations": {
                "compReleaseDepth": "4",
                "classDepth": "0",
                "classRate": "1",
                "compMeanRate": "117",
                "compDepth": "40.75",
                "classRelease": "0",
                "armsLocked": "0",
                "bodyWeight": "1"
            }
        },
        {
            "start": "00:01:45.700",
            "end": "00:01:46.130",
            "annotations": {
                "compReleaseDepth": "3.5",
                "classDepth": "0",
                "classRate": "1",
                "compMeanRate": "116",
                "compDepth": "52.0499992",
                "classRelease": "1",
                "armsLocked": "0",
                "bodyWeight": "1"
            }
        },
        {
            "start": "00:01:46.180",
            "end": "00:01:46.650",
            "annotations": {
                "compReleaseDepth": "3.5",
                "classDepth": "0",
                "classRate": "1",
                "compMeanRate": "115",
                "compDepth": "49.0499992",
                "classRelease": "0",
                "armsLocked": "0",
                "bodyWeight": "1"
            }
        },
        {
            "start": "00:01:46.690",
            "end": "00:01:47.150",
            "annotations": {
                "compReleaseDepth": "4",
                "classDepth": "0",
                "classRate": "1",
                "compMeanRate": "117",
                "compDepth": "50.6800003",
                "classRelease": "1",
                "armsLocked": "0",
                "bodyWeight": "1"
            }
        },
        {
            "start": "00:01:47.200",
            "end": "00:01:47.670",
            "annotations": {
                "compReleaseDepth": "3",
                "classDepth": "0",
                "classRate": "1",
                "compMeanRate": "117",
                "compDepth": "46.6699982",
                "classRelease": "0",
                "armsLocked": "0",
                "bodyWeight": "1"
            }
        },
        {
            "start": "00:01:47.690",
            "end": "00:01:48.030",
            "annotations": {
                "compReleaseDepth": "2.5",
                "classDepth": "0",
                "classRate": "0",
                "compMeanRate": "121",
                "compDepth": "54.0900002",
                "classRelease": "1",
                "armsLocked": "0",
                "bodyWeight": "1"
            }
        },
        {
            "start": "00:01:48.170",
            "end": "00:01:48.660",
            "annotations": {
                "compReleaseDepth": "3",
                "classDepth": "0",
                "classRate": "1",
                "compMeanRate": "120",
                "compDepth": "52.2700005",
                "classRelease": "1",
                "armsLocked": "0",
                "bodyWeight": "1"
            }
        },
        {
            "start": "00:01:48.690",
            "end": "00:01:49.190",
            "annotations": {
                "compReleaseDepth": "4.5",
                "classDepth": "0",
                "classRate": "0",
                "compMeanRate": "123",
                "compDepth": "51.3600006",
                "classRelease": "1",
                "armsLocked": "0",
                "bodyWeight": "1"
            }
        },
        {
            "start": "00:01:49.190",
            "end": "00:01:49.620",
            "annotations": {
                "compReleaseDepth": "4",
                "classDepth": "0",
                "classRate": "1",
                "compMeanRate": "120",
                "compDepth": "54.7700005",
                "classRelease": "1",
                "armsLocked": "0",
                "bodyWeight": "1"
            }
        },
        {
            "start": "00:01:49.690",
            "end": "00:01:50.160",
            "annotations": {
                "compReleaseDepth": "2.5",
                "classDepth": "0",
                "classRate": "0",
                "compMeanRate": "122",
                "compDepth": "55.9499969",
                "classRelease": "1",
                "armsLocked": "0",
                "bodyWeight": "1"
            }
        },
        {
            "start": "00:01:50.180",
            "end": "00:01:50.610",
            "annotations": {
                "compReleaseDepth": "4",
                "classDepth": "0",
                "classRate": "1",
                "compMeanRate": "118",
                "compDepth": "56.1899986",
                "classRelease": "1",
                "armsLocked": "0",
                "bodyWeight": "1"
            }
        },
        {
            "start": "00:01:50.710",
            "end": "00:01:51.170",
            "annotations": {
                "compReleaseDepth": "4",
                "classDepth": "0",
                "classRate": "1",
                "compMeanRate": "119",
                "compDepth": "53.6399994",
                "classRelease": "1",
                "armsLocked": "0",
                "bodyWeight": "1"
            }
        },
        {
            "start": "00:01:51.160",
            "end": "00:01:51.590",
            "annotations": {
                "compReleaseDepth": "5.55999994",
                "classDepth": "1",
                "classRate": "1",
                "compMeanRate": "120",
                "compDepth": "51.3600006",
                "classRelease": "1",
                "armsLocked": "0",
                "bodyWeight": "1"
            }
        },
        {
            "start": "00:01:51.660",
            "end": "00:01:52.090",
            "annotations": {
                "compReleaseDepth": "4",
                "classDepth": "0",
                "classRate": "0",
                "compMeanRate": "123",
                "compDepth": "49.5200005",
                "classRelease": "0",
                "armsLocked": "0",
                "bodyWeight": "1"
            }
        },
        {
            "start": "00:01:52.120",
            "end": "00:01:52.510",
            "annotations": {
                "compReleaseDepth": "4",
                "classDepth": "0",
                "classRate": "0",
                "compMeanRate": "128",
                "compDepth": "50",
                "classRelease": "1",
                "armsLocked": "0",
                "bodyWeight": "1"
            }
        },
        {
            "start": "00:01:52.570",
            "end": "00:01:53.350",
            "annotations": {
                "compReleaseDepth": "5.82999992",
                "classDepth": "1",
                "classRate": "0",
                "compMeanRate": "131",
                "compDepth": "54.0900002",
                "classRelease": "1",
                "armsLocked": "0",
                "bodyWeight": "1"
            }
        },
        {
            "start": "00:01:53.480",
            "end": "00:01:53.980",
            "annotations": {
                "compReleaseDepth": "4.5",
                "classDepth": "0",
                "classRate": "1",
                "compMeanRate": "111",
                "compDepth": "44",
                "classRelease": "0",
                "armsLocked": "0",
                "bodyWeight": "0"
            }
        },
        {
            "start": "00:01:54.010",
            "end": "00:01:54.400",
            "annotations": {
                "compReleaseDepth": "4",
                "classDepth": "0",
                "classRate": "1",
                "compMeanRate": "106",
                "compDepth": "37.75",
                "classRelease": "0",
                "armsLocked": "0",
                "bodyWeight": "0"
            }
        },
        {
            "start": "00:01:54.470",
            "end": "00:01:54.900",
            "annotations": {
                "compReleaseDepth": "4.5",
                "classDepth": "0",
                "classRate": "1",
                "compMeanRate": "105",
                "compDepth": "47.6199989",
                "classRelease": "0",
                "armsLocked": "0",
                "bodyWeight": "0"
            }
        },
        {
            "start": "00:01:54.910",
            "end": "00:01:55.350",
            "annotations": {
                "compReleaseDepth": "4",
                "classDepth": "0",
                "classRate": "0",
                "compMeanRate": "125",
                "compDepth": "44.5",
                "classRelease": "0",
                "armsLocked": "0",
                "bodyWeight": "0"
            }
        },
        {
            "start": "00:01:55.420",
            "end": "00:01:55.870",
            "annotations": {
                "compReleaseDepth": "5.27999973",
                "classDepth": "1",
                "classRate": "0",
                "compMeanRate": "127",
                "compDepth": "43.75",
                "classRelease": "0",
                "armsLocked": "0",
                "bodyWeight": "0"
            }
        },
        {
            "start": "00:01:55.870",
            "end": "00:01:56.330",
            "annotations": {
                "compReleaseDepth": "4",
                "classDepth": "0",
                "classRate": "0",
                "compMeanRate": "124",
                "compDepth": "46.6699982",
                "classRelease": "0",
                "armsLocked": "0",
                "bodyWeight": "0"
            }
        },
        {
            "start": "00:01:56.370",
            "end": "00:01:56.810",
            "annotations": {
                "compReleaseDepth": "3.5",
                "classDepth": "0",
                "classRate": "0",
                "compMeanRate": "127",
                "compDepth": "45.7099991",
                "classRelease": "0",
                "armsLocked": "0",
                "bodyWeight": "0"
            }
        },
        {
            "start": "00:01:56.820",
            "end": "00:01:57.140",
            "annotations": {
                "compReleaseDepth": "4",
                "classDepth": "0",
                "classRate": "0",
                "compMeanRate": "127",
                "compDepth": "50.9099998",
                "classRelease": "1",
                "armsLocked": "0",
                "bodyWeight": "0"
            }
        },
        {
            "start": "00:01:57.290",
            "end": "00:01:57.710",
            "annotations": {
                "compReleaseDepth": "4",
                "classDepth": "0",
                "classRate": "0",
                "compMeanRate": "130",
                "compDepth": "50.6800003",
                "classRelease": "1",
                "armsLocked": "0",
                "bodyWeight": "0"
            }
        },
        {
            "start": "00:01:57.780",
            "end": "00:01:58.110",
            "annotations": {
                "compReleaseDepth": "4",
                "classDepth": "0",
                "classRate": "0",
                "compMeanRate": "126",
                "compDepth": "47.6199989",
                "classRelease": "0",
                "armsLocked": "0",
                "bodyWeight": "0"
            }
        },
        {
            "start": "00:01:58.240",
            "end": "00:01:58.650",
            "annotations": {
                "compReleaseDepth": "4",
                "classDepth": "0",
                "classRate": "0",
                "compMeanRate": "126",
                "compDepth": "49.5200005",
                "classRelease": "0",
                "armsLocked": "0",
                "bodyWeight": "0"
            }
        },
        {
            "start": "00:01:58.730",
            "end": "00:01:59.150",
            "annotations": {
                "compReleaseDepth": "4",
                "classDepth": "0",
                "classRate": "0",
                "compMeanRate": "125",
                "compDepth": "48.0999985",
                "classRelease": "0",
                "armsLocked": "0",
                "bodyWeight": "0"
            }
        },
        {
            "start": "00:01:59.220",
            "end": "00:01:59.680",
            "annotations": {
                "compReleaseDepth": "4.5",
                "classDepth": "0",
                "classRate": "0",
                "compMeanRate": "125",
                "compDepth": "51.3600006",
                "classRelease": "1",
                "armsLocked": "0",
                "bodyWeight": "0"
            }
        },
        {
            "start": "00:01:59.700",
            "end": "00:02:00.140",
            "annotations": {
                "compReleaseDepth": "4.5",
                "classDepth": "0",
                "classRate": "0",
                "compMeanRate": "125",
                "compDepth": "51.3600006",
                "classRelease": "1",
                "armsLocked": "0",
                "bodyWeight": "0"
            }
        },
        {
            "start": "00:02:00.160",
            "end": "00:02:00.570",
            "annotations": {
                "compReleaseDepth": "4",
                "classDepth": "0",
                "classRate": "0",
                "compMeanRate": "126",
                "compDepth": "50.2299995",
                "classRelease": "1",
                "armsLocked": "0",
                "bodyWeight": "0"
            }
        },
        {
            "start": "00:02:00.660",
            "end": "00:02:01.100",
            "annotations": {
                "compReleaseDepth": "4.5",
                "classDepth": "0",
                "classRate": "0",
                "compMeanRate": "124",
                "compDepth": "46.4300003",
                "classRelease": "0",
                "armsLocked": "0",
                "bodyWeight": "0"
            }
        },
        {
            "start": "00:02:01.140",
            "end": "00:02:01.570",
            "annotations": {
                "compReleaseDepth": "4",
                "classDepth": "0",
                "classRate": "0",
                "compMeanRate": "124",
                "compDepth": "47.6199989",
                "classRelease": "0",
                "armsLocked": "0",
                "bodyWeight": "0"
            }
        },
        {
            "start": "00:02:01.640",
            "end": "00:02:02.100",
            "annotations": {
                "compReleaseDepth": "3",
                "classDepth": "0",
                "classRate": "0",
                "compMeanRate": "122",
                "compDepth": "45.9500008",
                "classRelease": "0",
                "armsLocked": "0",
                "bodyWeight": "0"
            }
        },
        {
            "start": "00:02:02.130",
            "end": "00:02:02.560",
            "annotations": {
                "compReleaseDepth": "4",
                "classDepth": "0",
                "classRate": "0",
                "compMeanRate": "122",
                "compDepth": "42.25",
                "classRelease": "0",
                "armsLocked": "0",
                "bodyWeight": "0"
            }
        },
        {
            "start": "00:02:02.620",
            "end": "00:02:03.050",
            "annotations": {
                "compReleaseDepth": "4",
                "classDepth": "0",
                "classRate": "0",
                "compMeanRate": "121",
                "compDepth": "44.5",
                "classRelease": "0",
                "armsLocked": "0",
                "bodyWeight": "0"
            }
        },
        {
            "start": "00:02:03.100",
            "end": "00:02:03.520",
            "annotations": {
                "compReleaseDepth": "4",
                "classDepth": "0",
                "classRate": "0",
                "compMeanRate": "122",
                "compDepth": "44",
                "classRelease": "0",
                "armsLocked": "0",
                "bodyWeight": "0"
            }
        },
        {
            "start": "00:02:03.590",
            "end": "00:02:04.030",
            "annotations": {
                "compReleaseDepth": "4",
                "classDepth": "0",
                "classRate": "0",
                "compMeanRate": "125",
                "compDepth": "48.8099976",
                "classRelease": "0",
                "armsLocked": "0",
                "bodyWeight": "0"
            }
        },
        {
            "start": "00:02:04.100",
            "end": "00:02:04.530",
            "annotations": {
                "compReleaseDepth": "4",
                "classDepth": "0",
                "classRate": "0",
                "compMeanRate": "121",
                "compDepth": "47.6199989",
                "classRelease": "0",
                "armsLocked": "0",
                "bodyWeight": "0"
            }
        },
        {
            "start": "00:02:04.580",
            "end": "00:02:05.010",
            "annotations": {
                "compReleaseDepth": "4",
                "classDepth": "0",
                "classRate": "1",
                "compMeanRate": "120",
                "compDepth": "48.329998",
                "classRelease": "0",
                "armsLocked": "0",
                "bodyWeight": "0"
            }
        },
        {
            "start": "00:02:05.120",
            "end": "00:02:05.580",
            "annotations": {
                "compReleaseDepth": "3",
                "classDepth": "0",
                "classRate": "1",
                "compMeanRate": "117",
                "compDepth": "44.5",
                "classRelease": "0",
                "armsLocked": "0",
                "bodyWeight": "0"
            }
        },
        {
            "start": "00:02:05.580",
            "end": "00:02:06.050",
            "annotations": {
                "compReleaseDepth": "2",
                "classDepth": "0",
                "classRate": "1",
                "compMeanRate": "117",
                "compDepth": "41.75",
                "classRelease": "0",
                "armsLocked": "0",
                "bodyWeight": "0"
            }
        },
        {
            "start": "00:02:06.120",
            "end": "00:02:06.570",
            "annotations": {
                "compReleaseDepth": "3",
                "classDepth": "0",
                "classRate": "1",
                "compMeanRate": "116",
                "compDepth": "44.25",
                "classRelease": "0",
                "armsLocked": "0",
                "bodyWeight": "0"
            }
        },
        {
            "start": "00:02:06.640",
            "end": "00:02:07.080",
            "annotations": {
                "compReleaseDepth": "3",
                "classDepth": "0",
                "classRate": "1",
                "compMeanRate": "116",
                "compDepth": "44",
                "classRelease": "0",
                "armsLocked": "0",
                "bodyWeight": "0"
            }
        },
        {
            "start": "00:02:07.140",
            "end": "00:02:07.600",
            "annotations": {
                "compReleaseDepth": "2.5",
                "classDepth": "0",
                "classRate": "1",
                "compMeanRate": "118",
                "compDepth": "44.75",
                "classRelease": "0",
                "armsLocked": "0",
                "bodyWeight": "0"
            }
        },
        {
            "start": "00:02:07.640",
            "end": "00:02:08.139",
            "annotations": {
                "compReleaseDepth": "2.5",
                "classDepth": "0",
                "classRate": "1",
                "compMeanRate": "119",
                "compDepth": "46.4300003",
                "classRelease": "0",
                "armsLocked": "0",
                "bodyWeight": "0"
            }
        },
        {
            "start": "00:02:08.160",
            "end": "00:02:08.639",
            "annotations": {
                "compReleaseDepth": "2",
                "classDepth": "0",
                "classRate": "1",
                "compMeanRate": "118",
                "compDepth": "41.75",
                "classRelease": "0",
                "armsLocked": "0",
                "bodyWeight": "0"
            }
        },
        {
            "start": "00:02:08.660",
            "end": "00:02:09.110",
            "annotations": {
                "compReleaseDepth": "3",
                "classDepth": "0",
                "classRate": "1",
                "compMeanRate": "119",
                "compDepth": "45.2399979",
                "classRelease": "0",
                "armsLocked": "0",
                "bodyWeight": "0"
            }
        },
        {
            "start": "00:02:09.169",
            "end": "00:02:09.620",
            "annotations": {
                "compReleaseDepth": "3",
                "classDepth": "0",
                "classRate": "1",
                "compMeanRate": "118",
                "compDepth": "43.5",
                "classRelease": "0",
                "armsLocked": "0",
                "bodyWeight": "0"
            }
        },
        {
            "start": "00:02:09.680",
            "end": "00:02:10.139",
            "annotations": {
                "compReleaseDepth": "3",
                "classDepth": "0",
                "classRate": "1",
                "compMeanRate": "118",
                "compDepth": "45.7099991",
                "classRelease": "0",
                "armsLocked": "0",
                "bodyWeight": "0"
            }
        },
        {
            "start": "00:02:10.180",
            "end": "00:02:10.650",
            "annotations": {
                "compReleaseDepth": "2",
                "classDepth": "0",
                "classRate": "1",
                "compMeanRate": "116",
                "compDepth": "50.4500008",
                "classRelease": "1",
                "armsLocked": "0",
                "bodyWeight": "0"
            }
        },
        {
            "start": "00:02:10.729",
            "end": "00:02:11.190",
            "annotations": {
                "compReleaseDepth": "2.5",
                "classDepth": "0",
                "classRate": "1",
                "compMeanRate": "117",
                "compDepth": "46.1899986",
                "classRelease": "0",
                "armsLocked": "0",
                "bodyWeight": "0"
            }
        },
        {
            "start": "00:02:11.240",
            "end": "00:02:11.710",
            "annotations": {
                "compReleaseDepth": "0.5",
                "classDepth": "0",
                "classRate": "1",
                "compMeanRate": "111",
                "compDepth": "38.25",
                "classRelease": "0",
                "armsLocked": "0",
                "bodyWeight": "0"
            }
        }
    ]
}