{
    "applicationName": "ManualAnnotations",
    "recordingID": "OKDDM11_2018-7-24-13H37M54S38",
    "intervals": [
        {
            "start": "00:00:06.310",
            "end": "00:00:07.340",
            "annotations": {
                "compReleaseDepth": "0",
                "classDepth": "0",
                "classRate": "1",
                "compMeanRate": "110",
                "compDepth": "23.1000004",
                "classRelease": "0",
                "armsLocked": "0",
                "bodyWeight": "0"
            }
        },
        {
            "start": "00:00:08.130",
            "end": "00:00:09.020",
            "annotations": {
                "compReleaseDepth": "3.5",
                "classDepth": "0",
                "classRate": "1",
                "compMeanRate": "110",
                "compDepth": "62.9499969",
                "classRelease": "0",
                "armsLocked": "1",
                "bodyWeight": "1"
            }
        },
        {
            "start": "00:00:09.090",
            "end": "00:00:09.560",
            "annotations": {
                "compReleaseDepth": "4",
                "classDepth": "0",
                "classRate": "1",
                "compMeanRate": "112",
                "compDepth": "63.4099998",
                "classRelease": "0",
                "armsLocked": "1",
                "bodyWeight": "1"
            }
        },
        {
            "start": "00:00:09.610",
            "end": "00:00:10.090",
            "annotations": {
                "compReleaseDepth": "3",
                "classDepth": "0",
                "classRate": "1",
                "compMeanRate": "112",
                "compDepth": "63.4099998",
                "classRelease": "0",
                "armsLocked": "1",
                "bodyWeight": "1"
            }
        },
        {
            "start": "00:00:10.140",
            "end": "00:00:10.690",
            "annotations": {
                "compReleaseDepth": "2.5",
                "classDepth": "0",
                "classRate": "1",
                "compMeanRate": "113",
                "compDepth": "63.4099998",
                "classRelease": "0",
                "armsLocked": "1",
                "bodyWeight": "1"
            }
        },
        {
            "start": "00:00:10.700",
            "end": "00:00:11.140",
            "annotations": {
                "compReleaseDepth": "2",
                "classDepth": "0",
                "classRate": "1",
                "compMeanRate": "110",
                "compDepth": "62.9499969",
                "classRelease": "0",
                "armsLocked": "1",
                "bodyWeight": "1"
            }
        },
        {
            "start": "00:00:11.260",
            "end": "00:00:11.670",
            "annotations": {
                "compReleaseDepth": "2",
                "classDepth": "0",
                "classRate": "1",
                "compMeanRate": "112",
                "compDepth": "63.1800003",
                "classRelease": "0",
                "armsLocked": "1",
                "bodyWeight": "1"
            }
        },
        {
            "start": "00:00:11.750",
            "end": "00:00:12.250",
            "annotations": {
                "compReleaseDepth": "2",
                "classDepth": "0",
                "classRate": "1",
                "compMeanRate": "112",
                "compDepth": "62.5",
                "classRelease": "0",
                "armsLocked": "1",
                "bodyWeight": "1"
            }
        },
        {
            "start": "00:00:12.250",
            "end": "00:00:12.690",
            "annotations": {
                "compReleaseDepth": "2",
                "classDepth": "0",
                "classRate": "1",
                "compMeanRate": "117",
                "compDepth": "62.7299995",
                "classRelease": "0",
                "armsLocked": "1",
                "bodyWeight": "1"
            }
        },
        {
            "start": "00:00:12.800",
            "end": "00:00:13.260",
            "annotations": {
                "compReleaseDepth": "2",
                "classDepth": "0",
                "classRate": "1",
                "compMeanRate": "116",
                "compDepth": "63.1800003",
                "classRelease": "0",
                "armsLocked": "1",
                "bodyWeight": "1"
            }
        },
        {
            "start": "00:00:13.300",
            "end": "00:00:13.770",
            "annotations": {
                "compReleaseDepth": "3",
                "classDepth": "0",
                "classRate": "1",
                "compMeanRate": "117",
                "compDepth": "63.4099998",
                "classRelease": "0",
                "armsLocked": "1",
                "bodyWeight": "1"
            }
        },
        {
            "start": "00:00:13.790",
            "end": "00:00:14.250",
            "annotations": {
                "compReleaseDepth": "5",
                "classDepth": "0",
                "classRate": "1",
                "compMeanRate": "117",
                "compDepth": "63.4099998",
                "classRelease": "0",
                "armsLocked": "1",
                "bodyWeight": "1"
            }
        },
        {
            "start": "00:00:14.280",
            "end": "00:00:14.740",
            "annotations": {
                "compReleaseDepth": "5.55999994",
                "classDepth": "1",
                "classRate": "1",
                "compMeanRate": "120",
                "compDepth": "63.1800003",
                "classRelease": "0",
                "armsLocked": "1",
                "bodyWeight": "1"
            }
        },
        {
            "start": "00:00:14.800",
            "end": "00:00:15.310",
            "annotations": {
                "compReleaseDepth": "2.5",
                "classDepth": "0",
                "classRate": "1",
                "compMeanRate": "117",
                "compDepth": "62.5",
                "classRelease": "0",
                "armsLocked": "1",
                "bodyWeight": "1"
            }
        },
        {
            "start": "00:00:15.330",
            "end": "00:00:15.770",
            "annotations": {
                "compReleaseDepth": "2",
                "classDepth": "0",
                "classRate": "1",
                "compMeanRate": "117",
                "compDepth": "63.1800003",
                "classRelease": "0",
                "armsLocked": "1",
                "bodyWeight": "1"
            }
        },
        {
            "start": "00:00:15.840",
            "end": "00:00:16.300",
            "annotations": {
                "compReleaseDepth": "3",
                "classDepth": "0",
                "classRate": "1",
                "compMeanRate": "117",
                "compDepth": "62.9499969",
                "classRelease": "0",
                "armsLocked": "1",
                "bodyWeight": "1"
            }
        },
        {
            "start": "00:00:16.320",
            "end": "00:00:16.780",
            "annotations": {
                "compReleaseDepth": "5.55999994",
                "classDepth": "1",
                "classRate": "1",
                "compMeanRate": "119",
                "compDepth": "62.9499969",
                "classRelease": "0",
                "armsLocked": "1",
                "bodyWeight": "1"
            }
        },
        {
            "start": "00:00:16.840",
            "end": "00:00:17.320",
            "annotations": {
                "compReleaseDepth": "5.55999994",
                "classDepth": "1",
                "classRate": "1",
                "compMeanRate": "117",
                "compDepth": "62.5",
                "classRelease": "0",
                "armsLocked": "1",
                "bodyWeight": "1"
            }
        },
        {
            "start": "00:00:17.330",
            "end": "00:00:17.800",
            "annotations": {
                "compReleaseDepth": "4",
                "classDepth": "0",
                "classRate": "1",
                "compMeanRate": "117",
                "compDepth": "61.1399994",
                "classRelease": "0",
                "armsLocked": "1",
                "bodyWeight": "1"
            }
        },
        {
            "start": "00:00:17.860",
            "end": "00:00:18.340",
            "annotations": {
                "compReleaseDepth": "2.5",
                "classDepth": "0",
                "classRate": "1",
                "compMeanRate": "117",
                "compDepth": "62.7299995",
                "classRelease": "0",
                "armsLocked": "1",
                "bodyWeight": "1"
            }
        },
        {
            "start": "00:00:18.370",
            "end": "00:00:18.850",
            "annotations": {
                "compReleaseDepth": "3",
                "classDepth": "0",
                "classRate": "1",
                "compMeanRate": "116",
                "compDepth": "62.5",
                "classRelease": "0",
                "armsLocked": "1",
                "bodyWeight": "1"
            }
        },
        {
            "start": "00:00:18.900",
            "end": "00:00:19.370",
            "annotations": {
                "compReleaseDepth": "2",
                "classDepth": "0",
                "classRate": "1",
                "compMeanRate": "117",
                "compDepth": "62.9499969",
                "classRelease": "0",
                "armsLocked": "1",
                "bodyWeight": "1"
            }
        },
        {
            "start": "00:00:19.450",
            "end": "00:00:19.920",
            "annotations": {
                "compReleaseDepth": "2",
                "classDepth": "0",
                "classRate": "1",
                "compMeanRate": "115",
                "compDepth": "63.1800003",
                "classRelease": "0",
                "armsLocked": "1",
                "bodyWeight": "1"
            }
        },
        {
            "start": "00:00:19.950",
            "end": "00:00:20.430",
            "annotations": {
                "compReleaseDepth": "5.27999973",
                "classDepth": "1",
                "classRate": "1",
                "compMeanRate": "116",
                "compDepth": "62.7299995",
                "classRelease": "0",
                "armsLocked": "1",
                "bodyWeight": "1"
            }
        },
        {
            "start": "00:00:20.470",
            "end": "00:00:20.960",
            "annotations": {
                "compReleaseDepth": "6.10999966",
                "classDepth": "1",
                "classRate": "1",
                "compMeanRate": "113",
                "compDepth": "62.9499969",
                "classRelease": "0",
                "armsLocked": "1",
                "bodyWeight": "1"
            }
        },
        {
            "start": "00:00:20.980",
            "end": "00:00:21.460",
            "annotations": {
                "compReleaseDepth": "6.38999987",
                "classDepth": "1",
                "classRate": "1",
                "compMeanRate": "113",
                "compDepth": "62.9499969",
                "classRelease": "0",
                "armsLocked": "1",
                "bodyWeight": "1"
            }
        },
        {
            "start": "00:00:21.480",
            "end": "00:00:21.980",
            "annotations": {
                "compReleaseDepth": "2",
                "classDepth": "0",
                "classRate": "1",
                "compMeanRate": "114",
                "compDepth": "61.5900002",
                "classRelease": "0",
                "armsLocked": "1",
                "bodyWeight": "1"
            }
        },
        {
            "start": "00:00:22.040",
            "end": "00:00:22.530",
            "annotations": {
                "compReleaseDepth": "3.5",
                "classDepth": "0",
                "classRate": "1",
                "compMeanRate": "114",
                "compDepth": "62.9499969",
                "classRelease": "0",
                "armsLocked": "1",
                "bodyWeight": "1"
            }
        },
        {
            "start": "00:00:22.550",
            "end": "00:00:23.020",
            "annotations": {
                "compReleaseDepth": "7.77999973",
                "classDepth": "1",
                "classRate": "1",
                "compMeanRate": "113",
                "compDepth": "62.5",
                "classRelease": "0",
                "armsLocked": "1",
                "bodyWeight": "1"
            }
        },
        {
            "start": "00:00:23.080",
            "end": "00:00:23.540",
            "annotations": {
                "compReleaseDepth": "10",
                "classDepth": "0",
                "classRate": "1",
                "compMeanRate": "114",
                "compDepth": "62.5",
                "classRelease": "0",
                "armsLocked": "1",
                "bodyWeight": "1"
            }
        },
        {
            "start": "00:00:23.610",
            "end": "00:00:24.460",
            "annotations": {
                "compReleaseDepth": "2",
                "classDepth": "0",
                "classRate": "1",
                "compMeanRate": "114",
                "compDepth": "63.6399994",
                "classRelease": "0",
                "armsLocked": "1",
                "bodyWeight": "1"
            }
        },
        {
            "start": "00:00:24.890",
            "end": "00:00:25.410",
            "annotations": {
                "compReleaseDepth": "4",
                "classDepth": "0",
                "classRate": "1",
                "compMeanRate": "115",
                "compDepth": "63.1800003",
                "classRelease": "0",
                "armsLocked": "0",
                "bodyWeight": "1"
            }
        },
        {
            "start": "00:00:25.460",
            "end": "00:00:25.890",
            "annotations": {
                "compReleaseDepth": "5.82999992",
                "classDepth": "1",
                "classRate": "1",
                "compMeanRate": "117",
                "compDepth": "62.9499969",
                "classRelease": "0",
                "armsLocked": "0",
                "bodyWeight": "1"
            }
        },
        {
            "start": "00:00:25.900",
            "end": "00:00:26.250",
            "annotations": {
                "compReleaseDepth": "7.77999973",
                "classDepth": "1",
                "classRate": "1",
                "compMeanRate": "120",
                "compDepth": "62.5",
                "classRelease": "0",
                "armsLocked": "0",
                "bodyWeight": "1"
            }
        },
        {
            "start": "00:00:26.370",
            "end": "00:00:26.810",
            "annotations": {
                "compReleaseDepth": "6.38999987",
                "classDepth": "1",
                "classRate": "0",
                "compMeanRate": "130",
                "compDepth": "63.4099998",
                "classRelease": "0",
                "armsLocked": "0",
                "bodyWeight": "1"
            }
        },
        {
            "start": "00:00:26.810",
            "end": "00:00:27.240",
            "annotations": {
                "compReleaseDepth": "8.05999947",
                "classDepth": "1",
                "classRate": "0",
                "compMeanRate": "135",
                "compDepth": "63.1800003",
                "classRelease": "0",
                "armsLocked": "0",
                "bodyWeight": "1"
            }
        },
        {
            "start": "00:00:27.240",
            "end": "00:00:27.680",
            "annotations": {
                "compReleaseDepth": "7.77999973",
                "classDepth": "1",
                "classRate": "0",
                "compMeanRate": "137",
                "compDepth": "62.9499969",
                "classRelease": "0",
                "armsLocked": "0",
                "bodyWeight": "1"
            }
        },
        {
            "start": "00:00:27.710",
            "end": "00:00:28.180",
            "annotations": {
                "compReleaseDepth": "7.5",
                "classDepth": "1",
                "classRate": "0",
                "compMeanRate": "129",
                "compDepth": "62.5",
                "classRelease": "0",
                "armsLocked": "0",
                "bodyWeight": "1"
            }
        },
        {
            "start": "00:00:28.170",
            "end": "00:00:28.620",
            "annotations": {
                "compReleaseDepth": "10",
                "classDepth": "0",
                "classRate": "0",
                "compMeanRate": "126",
                "compDepth": "62.5",
                "classRelease": "0",
                "armsLocked": "0",
                "bodyWeight": "1"
            }
        },
        {
            "start": "00:00:28.630",
            "end": "00:00:29.070",
            "annotations": {
                "compReleaseDepth": "10",
                "classDepth": "0",
                "classRate": "0",
                "compMeanRate": "130",
                "compDepth": "63.4099998",
                "classRelease": "0",
                "armsLocked": "0",
                "bodyWeight": "1"
            }
        },
        {
            "start": "00:00:29.090",
            "end": "00:00:29.510",
            "annotations": {
                "compReleaseDepth": "10",
                "classDepth": "0",
                "classRate": "0",
                "compMeanRate": "134",
                "compDepth": "63.4099998",
                "classRelease": "0",
                "armsLocked": "0",
                "bodyWeight": "1"
            }
        },
        {
            "start": "00:00:29.540",
            "end": "00:00:29.990",
            "annotations": {
                "compReleaseDepth": "9.43999958",
                "classDepth": "1",
                "classRate": "0",
                "compMeanRate": "136",
                "compDepth": "63.6399994",
                "classRelease": "0",
                "armsLocked": "0",
                "bodyWeight": "1"
            }
        },
        {
            "start": "00:00:30.010",
            "end": "00:00:30.450",
            "annotations": {
                "compReleaseDepth": "9.71999931",
                "classDepth": "1",
                "classRate": "0",
                "compMeanRate": "131",
                "compDepth": "63.4099998",
                "classRelease": "0",
                "armsLocked": "0",
                "bodyWeight": "1"
            }
        },
        {
            "start": "00:00:30.460",
            "end": "00:00:30.920",
            "annotations": {
                "compReleaseDepth": "7.77999973",
                "classDepth": "1",
                "classRate": "0",
                "compMeanRate": "129",
                "compDepth": "63.4099998",
                "classRelease": "0",
                "armsLocked": "0",
                "bodyWeight": "1"
            }
        },
        {
            "start": "00:00:30.940",
            "end": "00:00:31.390",
            "annotations": {
                "compReleaseDepth": "8.05999947",
                "classDepth": "1",
                "classRate": "0",
                "compMeanRate": "128",
                "compDepth": "63.4099998",
                "classRelease": "0",
                "armsLocked": "0",
                "bodyWeight": "1"
            }
        },
        {
            "start": "00:00:31.400",
            "end": "00:00:31.850",
            "annotations": {
                "compReleaseDepth": "6.94000006",
                "classDepth": "1",
                "classRate": "0",
                "compMeanRate": "127",
                "compDepth": "63.4099998",
                "classRelease": "0",
                "armsLocked": "0",
                "bodyWeight": "1"
            }
        },
        {
            "start": "00:00:31.880",
            "end": "00:00:32.320",
            "annotations": {
                "compReleaseDepth": "5.55999994",
                "classDepth": "1",
                "classRate": "0",
                "compMeanRate": "127",
                "compDepth": "62.9499969",
                "classRelease": "0",
                "armsLocked": "0",
                "bodyWeight": "1"
            }
        },
        {
            "start": "00:00:32.380",
            "end": "00:00:32.810",
            "annotations": {
                "compReleaseDepth": "5.55999994",
                "classDepth": "1",
                "classRate": "0",
                "compMeanRate": "124",
                "compDepth": "62.7299995",
                "classRelease": "0",
                "armsLocked": "0",
                "bodyWeight": "1"
            }
        },
        {
            "start": "00:00:32.860",
            "end": "00:00:33.300",
            "annotations": {
                "compReleaseDepth": "6.10999966",
                "classDepth": "1",
                "classRate": "0",
                "compMeanRate": "122",
                "compDepth": "62.2700005",
                "classRelease": "0",
                "armsLocked": "0",
                "bodyWeight": "1"
            }
        },
        {
            "start": "00:00:33.340",
            "end": "00:00:33.800",
            "annotations": {
                "compReleaseDepth": "5.55999994",
                "classDepth": "1",
                "classRate": "0",
                "compMeanRate": "123",
                "compDepth": "62.5",
                "classRelease": "0",
                "armsLocked": "0",
                "bodyWeight": "1"
            }
        },
        {
            "start": "00:00:33.810",
            "end": "00:00:34.180",
            "annotations": {
                "compReleaseDepth": "6.67000008",
                "classDepth": "1",
                "classRate": "0",
                "compMeanRate": "125",
                "compDepth": "63.1800003",
                "classRelease": "0",
                "armsLocked": "0",
                "bodyWeight": "1"
            }
        },
        {
            "start": "00:00:34.300",
            "end": "00:00:34.760",
            "annotations": {
                "compReleaseDepth": "5",
                "classDepth": "0",
                "classRate": "0",
                "compMeanRate": "126",
                "compDepth": "62.5",
                "classRelease": "0",
                "armsLocked": "0",
                "bodyWeight": "1"
            }
        },
        {
            "start": "00:00:34.800",
            "end": "00:00:35.280",
            "annotations": {
                "compReleaseDepth": "5.55999994",
                "classDepth": "1",
                "classRate": "0",
                "compMeanRate": "122",
                "compDepth": "63.4099998",
                "classRelease": "0",
                "armsLocked": "0",
                "bodyWeight": "1"
            }
        },
        {
            "start": "00:00:35.310",
            "end": "00:00:35.770",
            "annotations": {
                "compReleaseDepth": "12.6300001",
                "classDepth": "0",
                "classRate": "1",
                "compMeanRate": "118",
                "compDepth": "63.4099998",
                "classRelease": "0",
                "armsLocked": "0",
                "bodyWeight": "1"
            }
        },
        {
            "start": "00:00:35.820",
            "end": "00:00:36.310",
            "annotations": {
                "compReleaseDepth": "13.9499998",
                "classDepth": "0",
                "classRate": "1",
                "compMeanRate": "116",
                "compDepth": "62.7299995",
                "classRelease": "0",
                "armsLocked": "0",
                "bodyWeight": "1"
            }
        },
        {
            "start": "00:00:36.330",
            "end": "00:00:36.800",
            "annotations": {
                "compReleaseDepth": "9.17000008",
                "classDepth": "1",
                "classRate": "1",
                "compMeanRate": "116",
                "compDepth": "62.2700005",
                "classRelease": "0",
                "armsLocked": "0",
                "bodyWeight": "1"
            }
        },
        {
            "start": "00:00:36.810",
            "end": "00:00:37.270",
            "annotations": {
                "compReleaseDepth": "7.77999973",
                "classDepth": "1",
                "classRate": "0",
                "compMeanRate": "123",
                "compDepth": "63.4099998",
                "classRelease": "0",
                "armsLocked": "0",
                "bodyWeight": "1"
            }
        },
        {
            "start": "00:00:37.340",
            "end": "00:00:37.800",
            "annotations": {
                "compReleaseDepth": "6.67000008",
                "classDepth": "1",
                "classRate": "0",
                "compMeanRate": "121",
                "compDepth": "63.4099998",
                "classRelease": "0",
                "armsLocked": "0",
                "bodyWeight": "1"
            }
        },
        {
            "start": "00:00:37.840",
            "end": "00:00:38.340",
            "annotations": {
                "compReleaseDepth": "6.67000008",
                "classDepth": "1",
                "classRate": "1",
                "compMeanRate": "120",
                "compDepth": "62.0499992",
                "classRelease": "0",
                "armsLocked": "0",
                "bodyWeight": "1"
            }
        },
        {
            "start": "00:00:38.370",
            "end": "00:00:38.850",
            "annotations": {
                "compReleaseDepth": "8.88999939",
                "classDepth": "1",
                "classRate": "1",
                "compMeanRate": "113",
                "compDepth": "62.5",
                "classRelease": "0",
                "armsLocked": "0",
                "bodyWeight": "1"
            }
        },
        {
            "start": "00:00:38.860",
            "end": "00:00:39.720",
            "annotations": {
                "compReleaseDepth": "9.17000008",
                "classDepth": "1",
                "classRate": "1",
                "compMeanRate": "114",
                "compDepth": "60",
                "classRelease": "1",
                "armsLocked": "0",
                "bodyWeight": "1"
            }
        },
        {
            "start": "00:00:40.000",
            "end": "00:00:40.570",
            "annotations": {
                "compReleaseDepth": "6.67000008",
                "classDepth": "1",
                "classRate": "0",
                "compMeanRate": "93",
                "compDepth": "59.7599983",
                "classRelease": "1",
                "armsLocked": "0",
                "bodyWeight": "0"
            }
        },
        {
            "start": "00:00:40.570",
            "end": "00:00:40.930",
            "annotations": {
                "compReleaseDepth": "2.5",
                "classDepth": "0",
                "classRate": "0",
                "compMeanRate": "93",
                "compDepth": "53.6399994",
                "classRelease": "1",
                "armsLocked": "0",
                "bodyWeight": "0"
            }
        },
        {
            "start": "00:00:40.960",
            "end": "00:00:41.350",
            "annotations": {
                "compReleaseDepth": "4",
                "classDepth": "0",
                "classRate": "1",
                "compMeanRate": "100",
                "compDepth": "54.0900002",
                "classRelease": "1",
                "armsLocked": "0",
                "bodyWeight": "0"
            }
        },
        {
            "start": "00:00:41.430",
            "end": "00:00:41.840",
            "annotations": {
                "compReleaseDepth": "5",
                "classDepth": "0",
                "classRate": "0",
                "compMeanRate": "126",
                "compDepth": "54.0900002",
                "classRelease": "1",
                "armsLocked": "0",
                "bodyWeight": "0"
            }
        },
        {
            "start": "00:00:41.870",
            "end": "00:00:42.280",
            "annotations": {
                "compReleaseDepth": "6.10999966",
                "classDepth": "1",
                "classRate": "0",
                "compMeanRate": "134",
                "compDepth": "51.3600006",
                "classRelease": "1",
                "armsLocked": "0",
                "bodyWeight": "0"
            }
        },
        {
            "start": "00:00:42.360",
            "end": "00:00:42.790",
            "annotations": {
                "compReleaseDepth": "4.5",
                "classDepth": "0",
                "classRate": "0",
                "compMeanRate": "129",
                "compDepth": "50.4500008",
                "classRelease": "1",
                "armsLocked": "0",
                "bodyWeight": "0"
            }
        },
        {
            "start": "00:00:42.850",
            "end": "00:00:43.300",
            "annotations": {
                "compReleaseDepth": "4",
                "classDepth": "0",
                "classRate": "0",
                "compMeanRate": "126",
                "compDepth": "52.2700005",
                "classRelease": "1",
                "armsLocked": "0",
                "bodyWeight": "0"
            }
        },
        {
            "start": "00:00:43.340",
            "end": "00:00:43.750",
            "annotations": {
                "compReleaseDepth": "3.5",
                "classDepth": "0",
                "classRate": "1",
                "compMeanRate": "120",
                "compDepth": "47.6199989",
                "classRelease": "0",
                "armsLocked": "0",
                "bodyWeight": "0"
            }
        },
        {
            "start": "00:00:43.830",
            "end": "00:00:44.310",
            "annotations": {
                "compReleaseDepth": "4",
                "classDepth": "0",
                "classRate": "1",
                "compMeanRate": "120",
                "compDepth": "47.8600006",
                "classRelease": "0",
                "armsLocked": "0",
                "bodyWeight": "0"
            }
        },
        {
            "start": "00:00:44.380",
            "end": "00:00:44.870",
            "annotations": {
                "compReleaseDepth": "1.5",
                "classDepth": "0",
                "classRate": "1",
                "compMeanRate": "119",
                "compDepth": "50.2299995",
                "classRelease": "1",
                "armsLocked": "0",
                "bodyWeight": "0"
            }
        },
        {
            "start": "00:00:44.900",
            "end": "00:00:45.410",
            "annotations": {
                "compReleaseDepth": "2",
                "classDepth": "0",
                "classRate": "1",
                "compMeanRate": "116",
                "compDepth": "38.25",
                "classRelease": "0",
                "armsLocked": "0",
                "bodyWeight": "0"
            }
        },
        {
            "start": "00:00:45.410",
            "end": "00:00:45.890",
            "annotations": {
                "compReleaseDepth": "2",
                "classDepth": "0",
                "classRate": "1",
                "compMeanRate": "116",
                "compDepth": "48.5699997",
                "classRelease": "0",
                "armsLocked": "0",
                "bodyWeight": "0"
            }
        },
        {
            "start": "00:00:45.910",
            "end": "00:00:46.410",
            "annotations": {
                "compReleaseDepth": "2.5",
                "classDepth": "0",
                "classRate": "1",
                "compMeanRate": "114",
                "compDepth": "46.6699982",
                "classRelease": "0",
                "armsLocked": "0",
                "bodyWeight": "0"
            }
        },
        {
            "start": "00:00:46.430",
            "end": "00:00:46.910",
            "annotations": {
                "compReleaseDepth": "3",
                "classDepth": "0",
                "classRate": "1",
                "compMeanRate": "119",
                "compDepth": "49.5200005",
                "classRelease": "0",
                "armsLocked": "0",
                "bodyWeight": "0"
            }
        },
        {
            "start": "00:00:46.910",
            "end": "00:00:47.340",
            "annotations": {
                "compReleaseDepth": "5.82999992",
                "classDepth": "1",
                "classRate": "1",
                "compMeanRate": "119",
                "compDepth": "53.6399994",
                "classRelease": "1",
                "armsLocked": "0",
                "bodyWeight": "0"
            }
        },
        {
            "start": "00:00:47.460",
            "end": "00:00:47.870",
            "annotations": {
                "compReleaseDepth": "5",
                "classDepth": "0",
                "classRate": "1",
                "compMeanRate": "118",
                "compDepth": "53.6399994",
                "classRelease": "1",
                "armsLocked": "0",
                "bodyWeight": "0"
            }
        },
        {
            "start": "00:00:47.980",
            "end": "00:00:48.470",
            "annotations": {
                "compReleaseDepth": "6.10999966",
                "classDepth": "1",
                "classRate": "1",
                "compMeanRate": "114",
                "compDepth": "51.8199997",
                "classRelease": "1",
                "armsLocked": "0",
                "bodyWeight": "0"
            }
        },
        {
            "start": "00:00:48.520",
            "end": "00:00:49.020",
            "annotations": {
                "compReleaseDepth": "5",
                "classDepth": "0",
                "classRate": "1",
                "compMeanRate": "111",
                "compDepth": "47.8600006",
                "classRelease": "0",
                "armsLocked": "0",
                "bodyWeight": "0"
            }
        },
        {
            "start": "00:00:49.070",
            "end": "00:00:49.530",
            "annotations": {
                "compReleaseDepth": "4",
                "classDepth": "0",
                "classRate": "1",
                "compMeanRate": "113",
                "compDepth": "49.7599983",
                "classRelease": "0",
                "armsLocked": "0",
                "bodyWeight": "0"
            }
        },
        {
            "start": "00:00:49.620",
            "end": "00:00:50.050",
            "annotations": {
                "compReleaseDepth": "4",
                "classDepth": "0",
                "classRate": "1",
                "compMeanRate": "114",
                "compDepth": "51.3600006",
                "classRelease": "1",
                "armsLocked": "0",
                "bodyWeight": "0"
            }
        },
        {
            "start": "00:00:50.110",
            "end": "00:00:50.530",
            "annotations": {
                "compReleaseDepth": "4",
                "classDepth": "0",
                "classRate": "1",
                "compMeanRate": "116",
                "compDepth": "52.0499992",
                "classRelease": "1",
                "armsLocked": "0",
                "bodyWeight": "0"
            }
        },
        {
            "start": "00:00:50.610",
            "end": "00:00:51.020",
            "annotations": {
                "compReleaseDepth": "4",
                "classDepth": "0",
                "classRate": "1",
                "compMeanRate": "117",
                "compDepth": "52.0499992",
                "classRelease": "1",
                "armsLocked": "0",
                "bodyWeight": "0"
            }
        },
        {
            "start": "00:00:51.120",
            "end": "00:00:51.510",
            "annotations": {
                "compReleaseDepth": "4",
                "classDepth": "0",
                "classRate": "1",
                "compMeanRate": "119",
                "compDepth": "53.4099998",
                "classRelease": "1",
                "armsLocked": "0",
                "bodyWeight": "0"
            }
        },
        {
            "start": "00:00:51.630",
            "end": "00:00:51.970",
            "annotations": {
                "compReleaseDepth": "4",
                "classDepth": "0",
                "classRate": "1",
                "compMeanRate": "118",
                "compDepth": "52.2700005",
                "classRelease": "1",
                "armsLocked": "0",
                "bodyWeight": "0"
            }
        },
        {
            "start": "00:00:52.140",
            "end": "00:00:52.520",
            "annotations": {
                "compReleaseDepth": "4",
                "classDepth": "0",
                "classRate": "1",
                "compMeanRate": "117",
                "compDepth": "49.5200005",
                "classRelease": "0",
                "armsLocked": "0",
                "bodyWeight": "0"
            }
        },
        {
            "start": "00:00:52.640",
            "end": "00:00:52.970",
            "annotations": {
                "compReleaseDepth": "4",
                "classDepth": "0",
                "classRate": "1",
                "compMeanRate": "118",
                "compDepth": "47.6199989",
                "classRelease": "0",
                "armsLocked": "0",
                "bodyWeight": "0"
            }
        },
        {
            "start": "00:00:53.110",
            "end": "00:00:53.530",
            "annotations": {
                "compReleaseDepth": "4",
                "classDepth": "0",
                "classRate": "1",
                "compMeanRate": "119",
                "compDepth": "46.6699982",
                "classRelease": "0",
                "armsLocked": "0",
                "bodyWeight": "0"
            }
        },
        {
            "start": "00:00:53.620",
            "end": "00:00:54.010",
            "annotations": {
                "compReleaseDepth": "4",
                "classDepth": "0",
                "classRate": "1",
                "compMeanRate": "120",
                "compDepth": "44.75",
                "classRelease": "0",
                "armsLocked": "0",
                "bodyWeight": "0"
            }
        },
        {
            "start": "00:00:54.130",
            "end": "00:00:54.560",
            "annotations": {
                "compReleaseDepth": "3",
                "classDepth": "0",
                "classRate": "1",
                "compMeanRate": "118",
                "compDepth": "47.8600006",
                "classRelease": "0",
                "armsLocked": "0",
                "bodyWeight": "0"
            }
        },
        {
            "start": "00:00:54.640",
            "end": "00:00:55.070",
            "annotations": {
                "compReleaseDepth": "4.5",
                "classDepth": "0",
                "classRate": "1",
                "compMeanRate": "118",
                "compDepth": "47.6199989",
                "classRelease": "0",
                "armsLocked": "0",
                "bodyWeight": "0"
            }
        },
        {
            "start": "00:00:55.470",
            "end": "00:00:56.980",
            "annotations": {
                "compReleaseDepth": "6.67000008",
                "classDepth": "1",
                "classRate": "1",
                "compMeanRate": "119",
                "compDepth": "23.1000004",
                "classRelease": "0",
                "armsLocked": "0",
                "bodyWeight": "1"
            }
        },
        {
            "start": "00:00:57.090",
            "end": "00:00:58.090",
            "annotations": {
                "compReleaseDepth": "13.1599998",
                "classDepth": "0",
                "classRate": "0",
                "compMeanRate": "98",
                "compDepth": "42.75",
                "classRelease": "0",
                "armsLocked": "1",
                "bodyWeight": "0"
            }
        },
        {
            "start": "00:00:58.160",
            "end": "00:00:58.550",
            "annotations": {
                "compReleaseDepth": "6.10999966",
                "classDepth": "1",
                "classRate": "0",
                "compMeanRate": "85",
                "compDepth": "63.4099998",
                "classRelease": "0",
                "armsLocked": "1",
                "bodyWeight": "0"
            }
        },
        {
            "start": "00:00:58.600",
            "end": "00:00:59.030",
            "annotations": {
                "compReleaseDepth": "5.55999994",
                "classDepth": "1",
                "classRate": "0",
                "compMeanRate": "85",
                "compDepth": "63.4099998",
                "classRelease": "0",
                "armsLocked": "1",
                "bodyWeight": "0"
            }
        },
        {
            "start": "00:00:59.110",
            "end": "00:00:59.520",
            "annotations": {
                "compReleaseDepth": "4.5",
                "classDepth": "0",
                "classRate": "1",
                "compMeanRate": "106",
                "compDepth": "62.2700005",
                "classRelease": "0",
                "armsLocked": "1",
                "bodyWeight": "0"
            }
        },
        {
            "start": "00:00:59.630",
            "end": "00:01:00.010",
            "annotations": {
                "compReleaseDepth": "5.27999973",
                "classDepth": "1",
                "classRate": "1",
                "compMeanRate": "120",
                "compDepth": "56.8999977",
                "classRelease": "1",
                "armsLocked": "1",
                "bodyWeight": "0"
            }
        },
        {
            "start": "00:01:00.160",
            "end": "00:01:00.530",
            "annotations": {
                "compReleaseDepth": "2",
                "classDepth": "0",
                "classRate": "1",
                "compMeanRate": "119",
                "compDepth": "58.0999985",
                "classRelease": "1",
                "armsLocked": "1",
                "bodyWeight": "0"
            }
        },
        {
            "start": "00:01:00.660",
            "end": "00:01:01.090",
            "annotations": {
                "compReleaseDepth": "4",
                "classDepth": "0",
                "classRate": "1",
                "compMeanRate": "115",
                "compDepth": "57.8600006",
                "classRelease": "1",
                "armsLocked": "1",
                "bodyWeight": "0"
            }
        },
        {
            "start": "00:01:01.190",
            "end": "00:01:01.580",
            "annotations": {
                "compReleaseDepth": "4.5",
                "classDepth": "0",
                "classRate": "1",
                "compMeanRate": "116",
                "compDepth": "58.329998",
                "classRelease": "1",
                "armsLocked": "1",
                "bodyWeight": "0"
            }
        },
        {
            "start": "00:01:01.670",
            "end": "00:01:02.090",
            "annotations": {
                "compReleaseDepth": "4",
                "classDepth": "0",
                "classRate": "1",
                "compMeanRate": "118",
                "compDepth": "55",
                "classRelease": "1",
                "armsLocked": "1",
                "bodyWeight": "0"
            }
        },
        {
            "start": "00:01:02.170",
            "end": "00:01:02.540",
            "annotations": {
                "compReleaseDepth": "5.55999994",
                "classDepth": "1",
                "classRate": "0",
                "compMeanRate": "122",
                "compDepth": "50.4500008",
                "classRelease": "1",
                "armsLocked": "1",
                "bodyWeight": "0"
            }
        },
        {
            "start": "00:01:02.660",
            "end": "00:01:03.050",
            "annotations": {
                "compReleaseDepth": "4",
                "classDepth": "0",
                "classRate": "0",
                "compMeanRate": "121",
                "compDepth": "49.5200005",
                "classRelease": "0",
                "armsLocked": "1",
                "bodyWeight": "0"
            }
        },
        {
            "start": "00:01:03.120",
            "end": "00:01:03.480",
            "annotations": {
                "compReleaseDepth": "0",
                "classDepth": "0",
                "classRate": "0",
                "compMeanRate": "122",
                "compDepth": "50.9099998",
                "classRelease": "1",
                "armsLocked": "1",
                "bodyWeight": "0"
            }
        },
        {
            "start": "00:01:03.590",
            "end": "00:01:03.970",
            "annotations": {
                "compReleaseDepth": "0",
                "classDepth": "0",
                "classRate": "0",
                "compMeanRate": "124",
                "compDepth": "58.329998",
                "classRelease": "1",
                "armsLocked": "1",
                "bodyWeight": "0"
            }
        },
        {
            "start": "00:01:04.150",
            "end": "00:01:04.580",
            "annotations": {
                "compReleaseDepth": "2",
                "classDepth": "0",
                "classRate": "0",
                "compMeanRate": "123",
                "compDepth": "53.1800003",
                "classRelease": "1",
                "armsLocked": "1",
                "bodyWeight": "0"
            }
        },
        {
            "start": "00:01:04.629",
            "end": "00:01:05.040",
            "annotations": {
                "compReleaseDepth": "3",
                "classDepth": "0",
                "classRate": "0",
                "compMeanRate": "121",
                "compDepth": "52.2700005",
                "classRelease": "1",
                "armsLocked": "1",
                "bodyWeight": "0"
            }
        },
        {
            "start": "00:01:05.129",
            "end": "00:01:05.590",
            "annotations": {
                "compReleaseDepth": "3.5",
                "classDepth": "0",
                "classRate": "1",
                "compMeanRate": "120",
                "compDepth": "49.0499992",
                "classRelease": "0",
                "armsLocked": "1",
                "bodyWeight": "0"
            }
        },
        {
            "start": "00:01:05.620",
            "end": "00:01:06.040",
            "annotations": {
                "compReleaseDepth": "3.5",
                "classDepth": "0",
                "classRate": "1",
                "compMeanRate": "120",
                "compDepth": "47.6199989",
                "classRelease": "0",
                "armsLocked": "1",
                "bodyWeight": "0"
            }
        },
        {
            "start": "00:01:06.130",
            "end": "00:01:06.550",
            "annotations": {
                "compReleaseDepth": "4.5",
                "classDepth": "0",
                "classRate": "1",
                "compMeanRate": "117",
                "compDepth": "46.8999977",
                "classRelease": "0",
                "armsLocked": "1",
                "bodyWeight": "0"
            }
        },
        {
            "start": "00:01:06.670",
            "end": "00:01:07.100",
            "annotations": {
                "compReleaseDepth": "4",
                "classDepth": "0",
                "classRate": "1",
                "compMeanRate": "114",
                "compDepth": "48.5699997",
                "classRelease": "0",
                "armsLocked": "1",
                "bodyWeight": "0"
            }
        },
        {
            "start": "00:01:07.210",
            "end": "00:01:07.680",
            "annotations": {
                "compReleaseDepth": "3.5",
                "classDepth": "0",
                "classRate": "1",
                "compMeanRate": "113",
                "compDepth": "45.7099991",
                "classRelease": "0",
                "armsLocked": "1",
                "bodyWeight": "0"
            }
        },
        {
            "start": "00:01:07.740",
            "end": "00:01:08.130",
            "annotations": {
                "compReleaseDepth": "4",
                "classDepth": "0",
                "classRate": "1",
                "compMeanRate": "113",
                "compDepth": "48.8099976",
                "classRelease": "0",
                "armsLocked": "1",
                "bodyWeight": "0"
            }
        },
        {
            "start": "00:01:08.270",
            "end": "00:01:08.680",
            "annotations": {
                "compReleaseDepth": "3",
                "classDepth": "0",
                "classRate": "1",
                "compMeanRate": "114",
                "compDepth": "46.6699982",
                "classRelease": "0",
                "armsLocked": "1",
                "bodyWeight": "0"
            }
        },
        {
            "start": "00:01:08.740",
            "end": "00:01:09.150",
            "annotations": {
                "compReleaseDepth": "2",
                "classDepth": "0",
                "classRate": "1",
                "compMeanRate": "119",
                "compDepth": "51.5900002",
                "classRelease": "1",
                "armsLocked": "1",
                "bodyWeight": "0"
            }
        },
        {
            "start": "00:01:09.200",
            "end": "00:01:09.610",
            "annotations": {
                "compReleaseDepth": "2.5",
                "classDepth": "0",
                "classRate": "0",
                "compMeanRate": "122",
                "compDepth": "55",
                "classRelease": "1",
                "armsLocked": "1",
                "bodyWeight": "0"
            }
        },
        {
            "start": "00:01:09.680",
            "end": "00:01:10.080",
            "annotations": {
                "compReleaseDepth": "2",
                "classDepth": "0",
                "classRate": "0",
                "compMeanRate": "127",
                "compDepth": "53.4099998",
                "classRelease": "1",
                "armsLocked": "1",
                "bodyWeight": "0"
            }
        },
        {
            "start": "00:01:10.100",
            "end": "00:01:10.460",
            "annotations": {
                "compReleaseDepth": "4",
                "classDepth": "0",
                "classRate": "0",
                "compMeanRate": "129",
                "compDepth": "51.3600006",
                "classRelease": "1",
                "armsLocked": "1",
                "bodyWeight": "0"
            }
        },
        {
            "start": "00:01:10.540",
            "end": "00:01:10.900",
            "annotations": {
                "compReleaseDepth": "3",
                "classDepth": "0",
                "classRate": "0",
                "compMeanRate": "135",
                "compDepth": "55.4799995",
                "classRelease": "1",
                "armsLocked": "1",
                "bodyWeight": "0"
            }
        },
        {
            "start": "00:01:10.950",
            "end": "00:01:11.290",
            "annotations": {
                "compReleaseDepth": "2",
                "classDepth": "0",
                "classRate": "0",
                "compMeanRate": "142",
                "compDepth": "56.8999977",
                "classRelease": "1",
                "armsLocked": "1",
                "bodyWeight": "0"
            }
        },
        {
            "start": "00:01:11.370",
            "end": "00:01:11.740",
            "annotations": {
                "compReleaseDepth": "0",
                "classDepth": "0",
                "classRate": "0",
                "compMeanRate": "147",
                "compDepth": "57.8600006",
                "classRelease": "1",
                "armsLocked": "1",
                "bodyWeight": "0"
            }
        },
        {
            "start": "00:01:11.740",
            "end": "00:01:12.100",
            "annotations": {
                "compReleaseDepth": "2",
                "classDepth": "0",
                "classRate": "0",
                "compMeanRate": "150",
                "compDepth": "54.0900002",
                "classRelease": "1",
                "armsLocked": "1",
                "bodyWeight": "0"
            }
        },
        {
            "start": "00:01:12.260",
            "end": "00:01:12.640",
            "annotations": {
                "compReleaseDepth": "2",
                "classDepth": "0",
                "classRate": "0",
                "compMeanRate": "140",
                "compDepth": "50",
                "classRelease": "1",
                "armsLocked": "1",
                "bodyWeight": "0"
            }
        },
        {
            "start": "00:01:12.760",
            "end": "00:01:13.170",
            "annotations": {
                "compReleaseDepth": "2",
                "classDepth": "0",
                "classRate": "0",
                "compMeanRate": "130",
                "compDepth": "47.6199989",
                "classRelease": "0",
                "armsLocked": "1",
                "bodyWeight": "0"
            }
        },
        {
            "start": "00:01:13.260",
            "end": "00:01:13.600",
            "annotations": {
                "compReleaseDepth": "4",
                "classDepth": "0",
                "classRate": "1",
                "compMeanRate": "120",
                "compDepth": "47.6199989",
                "classRelease": "0",
                "armsLocked": "1",
                "bodyWeight": "0"
            }
        },
        {
            "start": "00:01:13.750",
            "end": "00:01:14.180",
            "annotations": {
                "compReleaseDepth": "4",
                "classDepth": "0",
                "classRate": "0",
                "compMeanRate": "123",
                "compDepth": "41.75",
                "classRelease": "0",
                "armsLocked": "1",
                "bodyWeight": "0"
            }
        },
        {
            "start": "00:01:14.750",
            "end": "00:01:15.610",
            "annotations": {
                "compReleaseDepth": "3",
                "classDepth": "0",
                "classRate": "0",
                "compMeanRate": "125",
                "compDepth": "62.2700005",
                "classRelease": "0",
                "armsLocked": "1",
                "bodyWeight": "1"
            }
        },
        {
            "start": "00:01:15.650",
            "end": "00:01:16.230",
            "annotations": {
                "compReleaseDepth": "4",
                "classDepth": "0",
                "classRate": "1",
                "compMeanRate": "117",
                "compDepth": "61.3599968",
                "classRelease": "0",
                "armsLocked": "1",
                "bodyWeight": "1"
            }
        },
        {
            "start": "00:01:16.270",
            "end": "00:01:16.750",
            "annotations": {
                "compReleaseDepth": "5.27999973",
                "classDepth": "1",
                "classRate": "1",
                "compMeanRate": "113",
                "compDepth": "63.4099998",
                "classRelease": "0",
                "armsLocked": "1",
                "bodyWeight": "1"
            }
        },
        {
            "start": "00:01:16.770",
            "end": "00:01:17.240",
            "annotations": {
                "compReleaseDepth": "4",
                "classDepth": "0",
                "classRate": "1",
                "compMeanRate": "109",
                "compDepth": "62.9499969",
                "classRelease": "0",
                "armsLocked": "1",
                "bodyWeight": "1"
            }
        },
        {
            "start": "00:01:17.270",
            "end": "00:01:17.740",
            "annotations": {
                "compReleaseDepth": "2",
                "classDepth": "0",
                "classRate": "1",
                "compMeanRate": "113",
                "compDepth": "62.5",
                "classRelease": "0",
                "armsLocked": "1",
                "bodyWeight": "1"
            }
        },
        {
            "start": "00:01:17.810",
            "end": "00:01:18.280",
            "annotations": {
                "compReleaseDepth": "2.5",
                "classDepth": "0",
                "classRate": "1",
                "compMeanRate": "117",
                "compDepth": "62.5",
                "classRelease": "0",
                "armsLocked": "1",
                "bodyWeight": "1"
            }
        },
        {
            "start": "00:01:18.280",
            "end": "00:01:18.770",
            "annotations": {
                "compReleaseDepth": "3.5",
                "classDepth": "0",
                "classRate": "1",
                "compMeanRate": "117",
                "compDepth": "62.2700005",
                "classRelease": "0",
                "armsLocked": "1",
                "bodyWeight": "1"
            }
        },
        {
            "start": "00:01:18.800",
            "end": "00:01:19.220",
            "annotations": {
                "compReleaseDepth": "2",
                "classDepth": "0",
                "classRate": "1",
                "compMeanRate": "118",
                "compDepth": "62.5",
                "classRelease": "0",
                "armsLocked": "1",
                "bodyWeight": "1"
            }
        },
        {
            "start": "00:01:19.340",
            "end": "00:01:19.790",
            "annotations": {
                "compReleaseDepth": "1",
                "classDepth": "0",
                "classRate": "1",
                "compMeanRate": "118",
                "compDepth": "61.8199997",
                "classRelease": "0",
                "armsLocked": "1",
                "bodyWeight": "1"
            }
        },
        {
            "start": "00:01:19.830",
            "end": "00:01:20.280",
            "annotations": {
                "compReleaseDepth": "1",
                "classDepth": "0",
                "classRate": "1",
                "compMeanRate": "118",
                "compDepth": "62.5",
                "classRelease": "0",
                "armsLocked": "1",
                "bodyWeight": "1"
            }
        },
        {
            "start": "00:01:20.350",
            "end": "00:01:20.750",
            "annotations": {
                "compReleaseDepth": "2",
                "classDepth": "0",
                "classRate": "1",
                "compMeanRate": "117",
                "compDepth": "60.6800003",
                "classRelease": "0",
                "armsLocked": "1",
                "bodyWeight": "1"
            }
        },
        {
            "start": "00:01:20.870",
            "end": "00:01:21.340",
            "annotations": {
                "compReleaseDepth": "2",
                "classDepth": "0",
                "classRate": "1",
                "compMeanRate": "118",
                "compDepth": "62.5",
                "classRelease": "0",
                "armsLocked": "1",
                "bodyWeight": "1"
            }
        },
        {
            "start": "00:01:21.370",
            "end": "00:01:21.820",
            "annotations": {
                "compReleaseDepth": "2.5",
                "classDepth": "0",
                "classRate": "1",
                "compMeanRate": "118",
                "compDepth": "62.5",
                "classRelease": "0",
                "armsLocked": "1",
                "bodyWeight": "1"
            }
        },
        {
            "start": "00:01:21.860",
            "end": "00:01:22.300",
            "annotations": {
                "compReleaseDepth": "2",
                "classDepth": "0",
                "classRate": "1",
                "compMeanRate": "120",
                "compDepth": "62.5",
                "classRelease": "0",
                "armsLocked": "1",
                "bodyWeight": "1"
            }
        },
        {
            "start": "00:01:22.360",
            "end": "00:01:22.820",
            "annotations": {
                "compReleaseDepth": "1.5",
                "classDepth": "0",
                "classRate": "1",
                "compMeanRate": "118",
                "compDepth": "62.5",
                "classRelease": "0",
                "armsLocked": "1",
                "bodyWeight": "1"
            }
        },
        {
            "start": "00:01:22.870",
            "end": "00:01:23.300",
            "annotations": {
                "compReleaseDepth": "2",
                "classDepth": "0",
                "classRate": "1",
                "compMeanRate": "120",
                "compDepth": "63.4099998",
                "classRelease": "0",
                "armsLocked": "1",
                "bodyWeight": "1"
            }
        },
        {
            "start": "00:01:23.380",
            "end": "00:01:23.820",
            "annotations": {
                "compReleaseDepth": "4",
                "classDepth": "0",
                "classRate": "1",
                "compMeanRate": "120",
                "compDepth": "62.9499969",
                "classRelease": "0",
                "armsLocked": "1",
                "bodyWeight": "1"
            }
        },
        {
            "start": "00:01:23.890",
            "end": "00:01:24.350",
            "annotations": {
                "compReleaseDepth": "3",
                "classDepth": "0",
                "classRate": "1",
                "compMeanRate": "120",
                "compDepth": "63.8599968",
                "classRelease": "0",
                "armsLocked": "1",
                "bodyWeight": "1"
            }
        },
        {
            "start": "00:01:24.400",
            "end": "00:01:24.880",
            "annotations": {
                "compReleaseDepth": "5.27999973",
                "classDepth": "1",
                "classRate": "1",
                "compMeanRate": "117",
                "compDepth": "63.1800003",
                "classRelease": "0",
                "armsLocked": "1",
                "bodyWeight": "1"
            }
        },
        {
            "start": "00:01:24.890",
            "end": "00:01:25.320",
            "annotations": {
                "compReleaseDepth": "2",
                "classDepth": "0",
                "classRate": "1",
                "compMeanRate": "118",
                "compDepth": "60.4499969",
                "classRelease": "0",
                "armsLocked": "1",
                "bodyWeight": "1"
            }
        },
        {
            "start": "00:01:25.380",
            "end": "00:01:25.830",
            "annotations": {
                "compReleaseDepth": "2",
                "classDepth": "0",
                "classRate": "1",
                "compMeanRate": "119",
                "compDepth": "62.9499969",
                "classRelease": "0",
                "armsLocked": "1",
                "bodyWeight": "1"
            }
        },
        {
            "start": "00:01:25.890",
            "end": "00:01:26.330",
            "annotations": {
                "compReleaseDepth": "4",
                "classDepth": "0",
                "classRate": "0",
                "compMeanRate": "121",
                "compDepth": "62.7299995",
                "classRelease": "0",
                "armsLocked": "1",
                "bodyWeight": "1"
            }
        },
        {
            "start": "00:01:26.360",
            "end": "00:01:26.840",
            "annotations": {
                "compReleaseDepth": "4.5",
                "classDepth": "0",
                "classRate": "1",
                "compMeanRate": "120",
                "compDepth": "62.5",
                "classRelease": "0",
                "armsLocked": "1",
                "bodyWeight": "1"
            }
        },
        {
            "start": "00:01:26.870",
            "end": "00:01:27.320",
            "annotations": {
                "compReleaseDepth": "4",
                "classDepth": "0",
                "classRate": "1",
                "compMeanRate": "118",
                "compDepth": "62.5",
                "classRelease": "0",
                "armsLocked": "1",
                "bodyWeight": "1"
            }
        },
        {
            "start": "00:01:27.390",
            "end": "00:01:27.810",
            "annotations": {
                "compReleaseDepth": "5.55999994",
                "classDepth": "1",
                "classRate": "1",
                "compMeanRate": "118",
                "compDepth": "62.5",
                "classRelease": "0",
                "armsLocked": "1",
                "bodyWeight": "1"
            }
        },
        {
            "start": "00:01:27.850",
            "end": "00:01:28.310",
            "annotations": {
                "compReleaseDepth": "2",
                "classDepth": "0",
                "classRate": "0",
                "compMeanRate": "121",
                "compDepth": "62.7299995",
                "classRelease": "0",
                "armsLocked": "1",
                "bodyWeight": "1"
            }
        },
        {
            "start": "00:01:28.410",
            "end": "00:01:28.880",
            "annotations": {
                "compReleaseDepth": "1.5",
                "classDepth": "0",
                "classRate": "1",
                "compMeanRate": "119",
                "compDepth": "63.1800003",
                "classRelease": "0",
                "armsLocked": "1",
                "bodyWeight": "1"
            }
        },
        {
            "start": "00:01:28.930",
            "end": "00:01:29.400",
            "annotations": {
                "compReleaseDepth": "2",
                "classDepth": "0",
                "classRate": "1",
                "compMeanRate": "116",
                "compDepth": "63.4099998",
                "classRelease": "0",
                "armsLocked": "1",
                "bodyWeight": "1"
            }
        },
        {
            "start": "00:01:29.440",
            "end": "00:01:29.930",
            "annotations": {
                "compReleaseDepth": "2",
                "classDepth": "0",
                "classRate": "1",
                "compMeanRate": "113",
                "compDepth": "63.1800003",
                "classRelease": "0",
                "armsLocked": "1",
                "bodyWeight": "1"
            }
        },
        {
            "start": "00:01:29.970",
            "end": "00:01:30.450",
            "annotations": {
                "compReleaseDepth": "2",
                "classDepth": "0",
                "classRate": "1",
                "compMeanRate": "113",
                "compDepth": "62.5",
                "classRelease": "0",
                "armsLocked": "1",
                "bodyWeight": "1"
            }
        },
        {
            "start": "00:01:30.490",
            "end": "00:01:30.890",
            "annotations": {
                "compReleaseDepth": "1.5",
                "classDepth": "0",
                "classRate": "1",
                "compMeanRate": "115",
                "compDepth": "60.6800003",
                "classRelease": "0",
                "armsLocked": "1",
                "bodyWeight": "1"
            }
        },
        {
            "start": "00:01:31.040",
            "end": "00:01:31.500",
            "annotations": {
                "compReleaseDepth": "1.5",
                "classDepth": "0",
                "classRate": "1",
                "compMeanRate": "114",
                "compDepth": "62.9499969",
                "classRelease": "0",
                "armsLocked": "1",
                "bodyWeight": "1"
            }
        },
        {
            "start": "00:01:31.570",
            "end": "00:01:31.980",
            "annotations": {
                "compReleaseDepth": "2",
                "classDepth": "0",
                "classRate": "1",
                "compMeanRate": "113",
                "compDepth": "62.9499969",
                "classRelease": "0",
                "armsLocked": "1",
                "bodyWeight": "1"
            }
        },
        {
            "start": "00:01:32.080",
            "end": "00:01:32.890",
            "annotations": {
                "compReleaseDepth": "5.55999994",
                "classDepth": "1",
                "classRate": "1",
                "compMeanRate": "115",
                "compDepth": "63.1800003",
                "classRelease": "0",
                "armsLocked": "1",
                "bodyWeight": "1"
            }
        },
        {
            "start": "00:01:32.960",
            "end": "00:01:33.470",
            "annotations": {
                "compReleaseDepth": "5.55999994",
                "classDepth": "1",
                "classRate": "0",
                "compMeanRate": "99",
                "compDepth": "61.5900002",
                "classRelease": "0",
                "armsLocked": "1",
                "bodyWeight": "1"
            }
        },
        {
            "start": "00:01:33.520",
            "end": "00:01:33.950",
            "annotations": {
                "compReleaseDepth": "6.67000008",
                "classDepth": "1",
                "classRate": "1",
                "compMeanRate": "104",
                "compDepth": "63.1800003",
                "classRelease": "0",
                "armsLocked": "0",
                "bodyWeight": "1"
            }
        },
        {
            "start": "00:01:34.010",
            "end": "00:01:34.470",
            "annotations": {
                "compReleaseDepth": "7.77999973",
                "classDepth": "1",
                "classRate": "1",
                "compMeanRate": "105",
                "compDepth": "61.8199997",
                "classRelease": "0",
                "armsLocked": "0",
                "bodyWeight": "1"
            }
        },
        {
            "start": "00:01:34.490",
            "end": "00:01:34.950",
            "annotations": {
                "compReleaseDepth": "6.67000008",
                "classDepth": "1",
                "classRate": "0",
                "compMeanRate": "122",
                "compDepth": "60.6800003",
                "classRelease": "0",
                "armsLocked": "0",
                "bodyWeight": "1"
            }
        },
        {
            "start": "00:01:34.980",
            "end": "00:01:35.440",
            "annotations": {
                "compReleaseDepth": "6.67000008",
                "classDepth": "1",
                "classRate": "0",
                "compMeanRate": "121",
                "compDepth": "61.5900002",
                "classRelease": "0",
                "armsLocked": "0",
                "bodyWeight": "1"
            }
        },
        {
            "start": "00:01:35.460",
            "end": "00:01:35.920",
            "annotations": {
                "compReleaseDepth": "5.82999992",
                "classDepth": "1",
                "classRate": "1",
                "compMeanRate": "120",
                "compDepth": "60.6800003",
                "classRelease": "0",
                "armsLocked": "0",
                "bodyWeight": "1"
            }
        },
        {
            "start": "00:01:35.960",
            "end": "00:01:36.460",
            "annotations": {
                "compReleaseDepth": "6.67000008",
                "classDepth": "1",
                "classRate": "0",
                "compMeanRate": "121",
                "compDepth": "61.5900002",
                "classRelease": "0",
                "armsLocked": "0",
                "bodyWeight": "1"
            }
        },
        {
            "start": "00:01:36.480",
            "end": "00:01:36.920",
            "annotations": {
                "compReleaseDepth": "5.55999994",
                "classDepth": "1",
                "classRate": "1",
                "compMeanRate": "117",
                "compDepth": "62.5",
                "classRelease": "0",
                "armsLocked": "0",
                "bodyWeight": "1"
            }
        },
        {
            "start": "00:01:36.990",
            "end": "00:01:37.460",
            "annotations": {
                "compReleaseDepth": "5.82999992",
                "classDepth": "1",
                "classRate": "1",
                "compMeanRate": "117",
                "compDepth": "57.8600006",
                "classRelease": "1",
                "armsLocked": "0",
                "bodyWeight": "1"
            }
        },
        {
            "start": "00:01:37.480",
            "end": "00:01:37.970",
            "annotations": {
                "compReleaseDepth": "6.10999966",
                "classDepth": "1",
                "classRate": "1",
                "compMeanRate": "116",
                "compDepth": "55",
                "classRelease": "1",
                "armsLocked": "0",
                "bodyWeight": "1"
            }
        },
        {
            "start": "00:01:37.990",
            "end": "00:01:38.470",
            "annotations": {
                "compReleaseDepth": "5.55999994",
                "classDepth": "1",
                "classRate": "1",
                "compMeanRate": "117",
                "compDepth": "57.3799973",
                "classRelease": "1",
                "armsLocked": "0",
                "bodyWeight": "1"
            }
        },
        {
            "start": "00:01:38.530",
            "end": "00:01:38.970",
            "annotations": {
                "compReleaseDepth": "6.10999966",
                "classDepth": "1",
                "classRate": "1",
                "compMeanRate": "119",
                "compDepth": "58.8099976",
                "classRelease": "1",
                "armsLocked": "0",
                "bodyWeight": "1"
            }
        },
        {
            "start": "00:01:39.000",
            "end": "00:01:39.460",
            "annotations": {
                "compReleaseDepth": "5.55999994",
                "classDepth": "1",
                "classRate": "1",
                "compMeanRate": "118",
                "compDepth": "55.9499969",
                "classRelease": "1",
                "armsLocked": "0",
                "bodyWeight": "1"
            }
        },
        {
            "start": "00:01:39.540",
            "end": "00:01:40.010",
            "annotations": {
                "compReleaseDepth": "6.67000008",
                "classDepth": "1",
                "classRate": "1",
                "compMeanRate": "118",
                "compDepth": "60.2299995",
                "classRelease": "0",
                "armsLocked": "0",
                "bodyWeight": "1"
            }
        },
        {
            "start": "00:01:40.070",
            "end": "00:01:40.540",
            "annotations": {
                "compReleaseDepth": "5.55999994",
                "classDepth": "1",
                "classRate": "1",
                "compMeanRate": "114",
                "compDepth": "56.6699982",
                "classRelease": "1",
                "armsLocked": "0",
                "bodyWeight": "1"
            }
        },
        {
            "start": "00:01:40.590",
            "end": "00:01:40.930",
            "annotations": {
                "compReleaseDepth": "5.55999994",
                "classDepth": "1",
                "classRate": "1",
                "compMeanRate": "118",
                "compDepth": "58.8099976",
                "classRelease": "1",
                "armsLocked": "0",
                "bodyWeight": "1"
            }
        },
        {
            "start": "00:01:41.060",
            "end": "00:01:41.510",
            "annotations": {
                "compReleaseDepth": "6.67000008",
                "classDepth": "1",
                "classRate": "1",
                "compMeanRate": "119",
                "compDepth": "59.7599983",
                "classRelease": "1",
                "armsLocked": "0",
                "bodyWeight": "1"
            }
        },
        {
            "start": "00:01:41.550",
            "end": "00:01:42.000",
            "annotations": {
                "compReleaseDepth": "6.67000008",
                "classDepth": "1",
                "classRate": "0",
                "compMeanRate": "122",
                "compDepth": "58.5699997",
                "classRelease": "1",
                "armsLocked": "0",
                "bodyWeight": "1"
            }
        },
        {
            "start": "00:01:42.040",
            "end": "00:01:42.480",
            "annotations": {
                "compReleaseDepth": "5.55999994",
                "classDepth": "1",
                "classRate": "0",
                "compMeanRate": "123",
                "compDepth": "62.0499992",
                "classRelease": "0",
                "armsLocked": "0",
                "bodyWeight": "1"
            }
        },
        {
            "start": "00:01:42.530",
            "end": "00:01:42.990",
            "annotations": {
                "compReleaseDepth": "5.55999994",
                "classDepth": "1",
                "classRate": "0",
                "compMeanRate": "122",
                "compDepth": "58.8099976",
                "classRelease": "1",
                "armsLocked": "0",
                "bodyWeight": "1"
            }
        },
        {
            "start": "00:01:43.050",
            "end": "00:01:43.490",
            "annotations": {
                "compReleaseDepth": "5",
                "classDepth": "0",
                "classRate": "0",
                "compMeanRate": "122",
                "compDepth": "59.5200005",
                "classRelease": "1",
                "armsLocked": "0",
                "bodyWeight": "1"
            }
        },
        {
            "start": "00:01:43.530",
            "end": "00:01:43.970",
            "annotations": {
                "compReleaseDepth": "3.5",
                "classDepth": "0",
                "classRate": "1",
                "compMeanRate": "120",
                "compDepth": "58.5699997",
                "classRelease": "1",
                "armsLocked": "0",
                "bodyWeight": "1"
            }
        },
        {
            "start": "00:01:44.050",
            "end": "00:01:44.450",
            "annotations": {
                "compReleaseDepth": "4",
                "classDepth": "0",
                "classRate": "1",
                "compMeanRate": "120",
                "compDepth": "58.329998",
                "classRelease": "1",
                "armsLocked": "0",
                "bodyWeight": "1"
            }
        },
        {
            "start": "00:01:44.560",
            "end": "00:01:44.930",
            "annotations": {
                "compReleaseDepth": "4",
                "classDepth": "0",
                "classRate": "0",
                "compMeanRate": "121",
                "compDepth": "62.5",
                "classRelease": "0",
                "armsLocked": "0",
                "bodyWeight": "1"
            }
        },
        {
            "start": "00:01:45.060",
            "end": "00:01:45.370",
            "annotations": {
                "compReleaseDepth": "2",
                "classDepth": "0",
                "classRate": "0",
                "compMeanRate": "121",
                "compDepth": "63.4099998",
                "classRelease": "0",
                "armsLocked": "0",
                "bodyWeight": "1"
            }
        },
        {
            "start": "00:01:45.540",
            "end": "00:01:45.930",
            "annotations": {
                "compReleaseDepth": "2.5",
                "classDepth": "0",
                "classRate": "0",
                "compMeanRate": "122",
                "compDepth": "63.4099998",
                "classRelease": "0",
                "armsLocked": "0",
                "bodyWeight": "1"
            }
        },
        {
            "start": "00:01:46.050",
            "end": "00:01:46.450",
            "annotations": {
                "compReleaseDepth": "2",
                "classDepth": "0",
                "classRate": "1",
                "compMeanRate": "120",
                "compDepth": "63.1800003",
                "classRelease": "0",
                "armsLocked": "0",
                "bodyWeight": "1"
            }
        },
        {
            "start": "00:01:46.570",
            "end": "00:01:46.950",
            "annotations": {
                "compReleaseDepth": "2",
                "classDepth": "0",
                "classRate": "1",
                "compMeanRate": "119",
                "compDepth": "61.1399994",
                "classRelease": "0",
                "armsLocked": "0",
                "bodyWeight": "1"
            }
        },
        {
            "start": "00:01:47.050",
            "end": "00:01:47.490",
            "annotations": {
                "compReleaseDepth": "3",
                "classDepth": "0",
                "classRate": "1",
                "compMeanRate": "119",
                "compDepth": "62.0499992",
                "classRelease": "0",
                "armsLocked": "0",
                "bodyWeight": "1"
            }
        },
        {
            "start": "00:01:47.510",
            "end": "00:01:48.360",
            "annotations": {
                "compReleaseDepth": "6.10999966",
                "classDepth": "1",
                "classRate": "1",
                "compMeanRate": "117",
                "compDepth": "56.8999977",
                "classRelease": "1",
                "armsLocked": "0",
                "bodyWeight": "1"
            }
        },
        {
            "start": "00:01:48.650",
            "end": "00:01:49.260",
            "annotations": {
                "compReleaseDepth": "4.5",
                "classDepth": "0",
                "classRate": "1",
                "compMeanRate": "117",
                "compDepth": "24.289999",
                "classRelease": "0",
                "armsLocked": "1",
                "bodyWeight": "0"
            }
        },
        {
            "start": "00:01:49.280",
            "end": "00:01:49.750",
            "annotations": {
                "compReleaseDepth": "4",
                "classDepth": "0",
                "classRate": "1",
                "compMeanRate": "120",
                "compDepth": "49.5200005",
                "classRelease": "0",
                "armsLocked": "1",
                "bodyWeight": "0"
            }
        },
        {
            "start": "00:01:49.830",
            "end": "00:01:50.300",
            "annotations": {
                "compReleaseDepth": "4",
                "classDepth": "0",
                "classRate": "1",
                "compMeanRate": "117",
                "compDepth": "42.75",
                "classRelease": "0",
                "armsLocked": "1",
                "bodyWeight": "0"
            }
        },
        {
            "start": "00:01:50.330",
            "end": "00:01:50.830",
            "annotations": {
                "compReleaseDepth": "3",
                "classDepth": "0",
                "classRate": "1",
                "compMeanRate": "117",
                "compDepth": "46.6699982",
                "classRelease": "0",
                "armsLocked": "1",
                "bodyWeight": "0"
            }
        },
        {
            "start": "00:01:50.840",
            "end": "00:01:51.270",
            "annotations": {
                "compReleaseDepth": "5",
                "classDepth": "0",
                "classRate": "1",
                "compMeanRate": "114",
                "compDepth": "46.8999977",
                "classRelease": "0",
                "armsLocked": "1",
                "bodyWeight": "0"
            }
        },
        {
            "start": "00:01:51.330",
            "end": "00:01:51.800",
            "annotations": {
                "compReleaseDepth": "5",
                "classDepth": "0",
                "classRate": "1",
                "compMeanRate": "118",
                "compDepth": "44.25",
                "classRelease": "0",
                "armsLocked": "1",
                "bodyWeight": "0"
            }
        },
        {
            "start": "00:01:51.870",
            "end": "00:01:52.300",
            "annotations": {
                "compReleaseDepth": "4",
                "classDepth": "0",
                "classRate": "1",
                "compMeanRate": "119",
                "compDepth": "52.2700005",
                "classRelease": "1",
                "armsLocked": "1",
                "bodyWeight": "0"
            }
        },
        {
            "start": "00:01:52.380",
            "end": "00:01:52.780",
            "annotations": {
                "compReleaseDepth": "4",
                "classDepth": "0",
                "classRate": "1",
                "compMeanRate": "117",
                "compDepth": "47.6199989",
                "classRelease": "0",
                "armsLocked": "1",
                "bodyWeight": "0"
            }
        },
        {
            "start": "00:01:52.870",
            "end": "00:01:53.260",
            "annotations": {
                "compReleaseDepth": "4",
                "classDepth": "0",
                "classRate": "1",
                "compMeanRate": "116",
                "compDepth": "44.75",
                "classRelease": "0",
                "armsLocked": "1",
                "bodyWeight": "0"
            }
        },
        {
            "start": "00:01:53.360",
            "end": "00:01:53.740",
            "annotations": {
                "compReleaseDepth": "3",
                "classDepth": "0",
                "classRate": "0",
                "compMeanRate": "121",
                "compDepth": "52.7299995",
                "classRelease": "1",
                "armsLocked": "1",
                "bodyWeight": "0"
            }
        },
        {
            "start": "00:01:53.800",
            "end": "00:01:54.240",
            "annotations": {
                "compReleaseDepth": "0.5",
                "classDepth": "0",
                "classRate": "0",
                "compMeanRate": "127",
                "compDepth": "52.7299995",
                "classRelease": "1",
                "armsLocked": "1",
                "bodyWeight": "0"
            }
        },
        {
            "start": "00:01:54.280",
            "end": "00:01:54.740",
            "annotations": {
                "compReleaseDepth": "1",
                "classDepth": "0",
                "classRate": "0",
                "compMeanRate": "128",
                "compDepth": "49.2899971",
                "classRelease": "0",
                "armsLocked": "1",
                "bodyWeight": "0"
            }
        },
        {
            "start": "00:01:54.760",
            "end": "00:01:55.100",
            "annotations": {
                "compReleaseDepth": "2",
                "classDepth": "0",
                "classRate": "0",
                "compMeanRate": "126",
                "compDepth": "46.6699982",
                "classRelease": "0",
                "armsLocked": "1",
                "bodyWeight": "0"
            }
        },
        {
            "start": "00:01:55.240",
            "end": "00:01:55.660",
            "annotations": {
                "compReleaseDepth": "2",
                "classDepth": "0",
                "classRate": "0",
                "compMeanRate": "123",
                "compDepth": "47.6199989",
                "classRelease": "0",
                "armsLocked": "1",
                "bodyWeight": "0"
            }
        },
        {
            "start": "00:01:55.750",
            "end": "00:01:56.160",
            "annotations": {
                "compReleaseDepth": "2",
                "classDepth": "0",
                "classRate": "0",
                "compMeanRate": "124",
                "compDepth": "53.6399994",
                "classRelease": "1",
                "armsLocked": "1",
                "bodyWeight": "0"
            }
        },
        {
            "start": "00:01:56.200",
            "end": "00:01:56.610",
            "annotations": {
                "compReleaseDepth": "2",
                "classDepth": "0",
                "classRate": "0",
                "compMeanRate": "124",
                "compDepth": "50.9099998",
                "classRelease": "1",
                "armsLocked": "1",
                "bodyWeight": "0"
            }
        },
        {
            "start": "00:01:56.700",
            "end": "00:01:57.080",
            "annotations": {
                "compReleaseDepth": "2",
                "classDepth": "0",
                "classRate": "0",
                "compMeanRate": "126",
                "compDepth": "49.5200005",
                "classRelease": "0",
                "armsLocked": "0",
                "bodyWeight": "0"
            }
        },
        {
            "start": "00:01:57.170",
            "end": "00:01:57.600",
            "annotations": {
                "compReleaseDepth": "1.5",
                "classDepth": "0",
                "classRate": "0",
                "compMeanRate": "127",
                "compDepth": "47.6199989",
                "classRelease": "0",
                "armsLocked": "0",
                "bodyWeight": "0"
            }
        },
        {
            "start": "00:01:57.650",
            "end": "00:01:58.020",
            "annotations": {
                "compReleaseDepth": "2",
                "classDepth": "0",
                "classRate": "0",
                "compMeanRate": "126",
                "compDepth": "50.2299995",
                "classRelease": "1",
                "armsLocked": "0",
                "bodyWeight": "0"
            }
        },
        {
            "start": "00:01:58.140",
            "end": "00:01:58.560",
            "annotations": {
                "compReleaseDepth": "2.5",
                "classDepth": "0",
                "classRate": "0",
                "compMeanRate": "124",
                "compDepth": "52.2700005",
                "classRelease": "1",
                "armsLocked": "0",
                "bodyWeight": "0"
            }
        },
        {
            "start": "00:01:58.640",
            "end": "00:01:59.040",
            "annotations": {
                "compReleaseDepth": "2",
                "classDepth": "0",
                "classRate": "0",
                "compMeanRate": "121",
                "compDepth": "49.2899971",
                "classRelease": "0",
                "armsLocked": "0",
                "bodyWeight": "0"
            }
        },
        {
            "start": "00:01:59.150",
            "end": "00:01:59.600",
            "annotations": {
                "compReleaseDepth": "1.5",
                "classDepth": "0",
                "classRate": "1",
                "compMeanRate": "120",
                "compDepth": "48.5699997",
                "classRelease": "0",
                "armsLocked": "0",
                "bodyWeight": "0"
            }
        },
        {
            "start": "00:01:59.640",
            "end": "00:02:00.010",
            "annotations": {
                "compReleaseDepth": "2",
                "classDepth": "0",
                "classRate": "0",
                "compMeanRate": "121",
                "compDepth": "49.2899971",
                "classRelease": "0",
                "armsLocked": "0",
                "bodyWeight": "0"
            }
        },
        {
            "start": "00:02:00.130",
            "end": "00:02:00.530",
            "annotations": {
                "compReleaseDepth": "3",
                "classDepth": "0",
                "classRate": "0",
                "compMeanRate": "122",
                "compDepth": "52.0499992",
                "classRelease": "1",
                "armsLocked": "0",
                "bodyWeight": "0"
            }
        },
        {
            "start": "00:02:00.590",
            "end": "00:02:01.010",
            "annotations": {
                "compReleaseDepth": "2",
                "classDepth": "0",
                "classRate": "0",
                "compMeanRate": "122",
                "compDepth": "52.2700005",
                "classRelease": "1",
                "armsLocked": "0",
                "bodyWeight": "0"
            }
        },
        {
            "start": "00:02:01.100",
            "end": "00:02:01.470",
            "annotations": {
                "compReleaseDepth": "1.5",
                "classDepth": "0",
                "classRate": "0",
                "compMeanRate": "124",
                "compDepth": "51.1399994",
                "classRelease": "1",
                "armsLocked": "0",
                "bodyWeight": "0"
            }
        },
        {
            "start": "00:02:01.560",
            "end": "00:02:01.960",
            "annotations": {
                "compReleaseDepth": "2",
                "classDepth": "0",
                "classRate": "0",
                "compMeanRate": "125",
                "compDepth": "50.6800003",
                "classRelease": "1",
                "armsLocked": "0",
                "bodyWeight": "0"
            }
        },
        {
            "start": "00:02:02.020",
            "end": "00:02:02.420",
            "annotations": {
                "compReleaseDepth": "2",
                "classDepth": "0",
                "classRate": "0",
                "compMeanRate": "125",
                "compDepth": "48.5699997",
                "classRelease": "0",
                "armsLocked": "0",
                "bodyWeight": "0"
            }
        },
        {
            "start": "00:02:02.490",
            "end": "00:02:02.890",
            "annotations": {
                "compReleaseDepth": "3",
                "classDepth": "0",
                "classRate": "0",
                "compMeanRate": "127",
                "compDepth": "49.0499992",
                "classRelease": "0",
                "armsLocked": "0",
                "bodyWeight": "0"
            }
        },
        {
            "start": "00:02:02.950",
            "end": "00:02:03.310",
            "annotations": {
                "compReleaseDepth": "2",
                "classDepth": "0",
                "classRate": "0",
                "compMeanRate": "127",
                "compDepth": "50.4500008",
                "classRelease": "1",
                "armsLocked": "0",
                "bodyWeight": "0"
            }
        },
        {
            "start": "00:02:03.410",
            "end": "00:02:03.810",
            "annotations": {
                "compReleaseDepth": "1.5",
                "classDepth": "0",
                "classRate": "0",
                "compMeanRate": "130",
                "compDepth": "49.0499992",
                "classRelease": "0",
                "armsLocked": "0",
                "bodyWeight": "0"
            }
        },
        {
            "start": "00:02:03.860",
            "end": "00:02:04.260",
            "annotations": {
                "compReleaseDepth": "2",
                "classDepth": "0",
                "classRate": "0",
                "compMeanRate": "128",
                "compDepth": "48.5699997",
                "classRelease": "0",
                "armsLocked": "0",
                "bodyWeight": "0"
            }
        },
        {
            "start": "00:02:04.360",
            "end": "00:02:04.780",
            "annotations": {
                "compReleaseDepth": "2.5",
                "classDepth": "0",
                "classRate": "0",
                "compMeanRate": "128",
                "compDepth": "46.6699982",
                "classRelease": "0",
                "armsLocked": "0",
                "bodyWeight": "0"
            }
        },
        {
            "start": "00:02:04.860",
            "end": "00:02:05.240",
            "annotations": {
                "compReleaseDepth": "1.5",
                "classDepth": "0",
                "classRate": "0",
                "compMeanRate": "127",
                "compDepth": "52.9499969",
                "classRelease": "1",
                "armsLocked": "0",
                "bodyWeight": "0"
            }
        },
        {
            "start": "00:02:05.750",
            "end": "00:02:06.080",
            "annotations": {
                "compReleaseDepth": "6.38999987",
                "classDepth": "1",
                "classRate": "1",
                "compMeanRate": "106",
                "compDepth": "12.1099997",
                "classRelease": "0",
                "armsLocked": "0",
                "bodyWeight": "0"
            }
        }
    ]
}