{
    "applicationName": "ManualAnnotations",
    "recordingID": "OKDDM1_2018-7-24-11H57M49S371",
    "intervals": [
        {
            "start": "00:00:07.580",
            "end": "00:00:08.210",
            "annotations": {
                "compReleaseDepth": "5",
                "classDepth": "0",
                "classRate": "1",
                "compMeanRate": "110",
                "compDepth": "18.25",
                "classRelease": "0",
                "armsLocked": "0",
                "bodyWeight": "1"
            }
        },
        {
            "start": "00:00:08.460",
            "end": "00:00:09.130",
            "annotations": {
                "compReleaseDepth": "3",
                "classDepth": "0",
                "classRate": "0",
                "compMeanRate": "87",
                "compDepth": "48.0999985",
                "classRelease": "0",
                "armsLocked": "0",
                "bodyWeight": "1"
            }
        },
        {
            "start": "00:00:09.390",
            "end": "00:00:09.940",
            "annotations": {
                "compReleaseDepth": "5.82999992",
                "classDepth": "1",
                "classRate": "0",
                "compMeanRate": "84",
                "compDepth": "59.2899971",
                "classRelease": "1",
                "armsLocked": "0",
                "bodyWeight": "1"
            }
        },
        {
            "start": "00:00:10.020",
            "end": "00:00:10.540",
            "annotations": {
                "compReleaseDepth": "6.38999987",
                "classDepth": "1",
                "classRate": "0",
                "compMeanRate": "79",
                "compDepth": "61.1399994",
                "classRelease": "0",
                "armsLocked": "0",
                "bodyWeight": "1"
            }
        },
        {
            "start": "00:00:10.620",
            "end": "00:00:11.050",
            "annotations": {
                "compReleaseDepth": "6.10999966",
                "classDepth": "1",
                "classRate": "0",
                "compMeanRate": "92",
                "compDepth": "62.9499969",
                "classRelease": "0",
                "armsLocked": "0",
                "bodyWeight": "1"
            }
        },
        {
            "start": "00:00:11.190",
            "end": "00:00:11.640",
            "annotations": {
                "compReleaseDepth": "6.10999966",
                "classDepth": "1",
                "classRate": "1",
                "compMeanRate": "101",
                "compDepth": "62.7299995",
                "classRelease": "0",
                "armsLocked": "0",
                "bodyWeight": "1"
            }
        },
        {
            "start": "00:00:11.820",
            "end": "00:00:12.190",
            "annotations": {
                "compReleaseDepth": "6.10999966",
                "classDepth": "1",
                "classRate": "1",
                "compMeanRate": "103",
                "compDepth": "59.7599983",
                "classRelease": "1",
                "armsLocked": "0",
                "bodyWeight": "1"
            }
        },
        {
            "start": "00:00:12.390",
            "end": "00:00:12.880",
            "annotations": {
                "compReleaseDepth": "5",
                "classDepth": "0",
                "classRate": "1",
                "compMeanRate": "102",
                "compDepth": "60.9099998",
                "classRelease": "0",
                "armsLocked": "0",
                "bodyWeight": "1"
            }
        },
        {
            "start": "00:00:13.000",
            "end": "00:00:13.350",
            "annotations": {
                "compReleaseDepth": "5.55999994",
                "classDepth": "1",
                "classRate": "1",
                "compMeanRate": "100",
                "compDepth": "60",
                "classRelease": "1",
                "armsLocked": "0",
                "bodyWeight": "1"
            }
        },
        {
            "start": "00:00:13.560",
            "end": "00:00:14.070",
            "annotations": {
                "compReleaseDepth": "5.27999973",
                "classDepth": "1",
                "classRate": "1",
                "compMeanRate": "100",
                "compDepth": "62.9499969",
                "classRelease": "0",
                "armsLocked": "0",
                "bodyWeight": "1"
            }
        },
        {
            "start": "00:00:14.110",
            "end": "00:00:14.590",
            "annotations": {
                "compReleaseDepth": "6.10999966",
                "classDepth": "1",
                "classRate": "1",
                "compMeanRate": "102",
                "compDepth": "62.9499969",
                "classRelease": "0",
                "armsLocked": "1",
                "bodyWeight": "1"
            }
        },
        {
            "start": "00:00:14.700",
            "end": "00:00:15.180",
            "annotations": {
                "compReleaseDepth": "5",
                "classDepth": "0",
                "classRate": "1",
                "compMeanRate": "104",
                "compDepth": "62.7299995",
                "classRelease": "0",
                "armsLocked": "1",
                "bodyWeight": "1"
            }
        },
        {
            "start": "00:00:15.270",
            "end": "00:00:15.770",
            "annotations": {
                "compReleaseDepth": "6.10999966",
                "classDepth": "1",
                "classRate": "1",
                "compMeanRate": "104",
                "compDepth": "62.9499969",
                "classRelease": "0",
                "armsLocked": "1",
                "bodyWeight": "1"
            }
        },
        {
            "start": "00:00:15.840",
            "end": "00:00:16.300",
            "annotations": {
                "compReleaseDepth": "6.10999966",
                "classDepth": "1",
                "classRate": "1",
                "compMeanRate": "102",
                "compDepth": "62.9499969",
                "classRelease": "0",
                "armsLocked": "1",
                "bodyWeight": "1"
            }
        },
        {
            "start": "00:00:16.440",
            "end": "00:00:16.880",
            "annotations": {
                "compReleaseDepth": "6.10999966",
                "classDepth": "1",
                "classRate": "1",
                "compMeanRate": "102",
                "compDepth": "60.2299995",
                "classRelease": "0",
                "armsLocked": "1",
                "bodyWeight": "1"
            }
        },
        {
            "start": "00:00:16.980",
            "end": "00:00:17.440",
            "annotations": {
                "compReleaseDepth": "6.10999966",
                "classDepth": "1",
                "classRate": "1",
                "compMeanRate": "105",
                "compDepth": "60.6800003",
                "classRelease": "0",
                "armsLocked": "1",
                "bodyWeight": "1"
            }
        },
        {
            "start": "00:00:17.580",
            "end": "00:00:18.150",
            "annotations": {
                "compReleaseDepth": "7.5",
                "classDepth": "1",
                "classRate": "1",
                "compMeanRate": "104",
                "compDepth": "61.5900002",
                "classRelease": "0",
                "armsLocked": "1",
                "bodyWeight": "1"
            }
        },
        {
            "start": "00:00:18.170",
            "end": "00:00:18.650",
            "annotations": {
                "compReleaseDepth": "8.32999992",
                "classDepth": "1",
                "classRate": "1",
                "compMeanRate": "103",
                "compDepth": "55.7099991",
                "classRelease": "1",
                "armsLocked": "1",
                "bodyWeight": "1"
            }
        },
        {
            "start": "00:00:18.750",
            "end": "00:00:19.270",
            "annotations": {
                "compReleaseDepth": "6.67000008",
                "classDepth": "1",
                "classRate": "1",
                "compMeanRate": "101",
                "compDepth": "59.7599983",
                "classRelease": "1",
                "armsLocked": "1",
                "bodyWeight": "1"
            }
        },
        {
            "start": "00:00:19.340",
            "end": "00:00:19.840",
            "annotations": {
                "compReleaseDepth": "5.55999994",
                "classDepth": "1",
                "classRate": "1",
                "compMeanRate": "102",
                "compDepth": "61.1399994",
                "classRelease": "0",
                "armsLocked": "1",
                "bodyWeight": "1"
            }
        },
        {
            "start": "00:00:19.920",
            "end": "00:00:20.440",
            "annotations": {
                "compReleaseDepth": "5.27999973",
                "classDepth": "1",
                "classRate": "1",
                "compMeanRate": "103",
                "compDepth": "60.4499969",
                "classRelease": "0",
                "armsLocked": "1",
                "bodyWeight": "1"
            }
        },
        {
            "start": "00:00:20.500",
            "end": "00:00:21.060",
            "annotations": {
                "compReleaseDepth": "3",
                "classDepth": "0",
                "classRate": "1",
                "compMeanRate": "103",
                "compDepth": "60.2299995",
                "classRelease": "0",
                "armsLocked": "1",
                "bodyWeight": "1"
            }
        },
        {
            "start": "00:00:21.100",
            "end": "00:00:21.590",
            "annotations": {
                "compReleaseDepth": "3",
                "classDepth": "0",
                "classRate": "1",
                "compMeanRate": "103",
                "compDepth": "60.2299995",
                "classRelease": "0",
                "armsLocked": "1",
                "bodyWeight": "1"
            }
        },
        {
            "start": "00:00:21.680",
            "end": "00:00:22.140",
            "annotations": {
                "compReleaseDepth": "3.5",
                "classDepth": "0",
                "classRate": "1",
                "compMeanRate": "102",
                "compDepth": "59.2899971",
                "classRelease": "1",
                "armsLocked": "1",
                "bodyWeight": "1"
            }
        },
        {
            "start": "00:00:22.220",
            "end": "00:00:22.710",
            "annotations": {
                "compReleaseDepth": "4",
                "classDepth": "0",
                "classRate": "1",
                "compMeanRate": "102",
                "compDepth": "60.2299995",
                "classRelease": "0",
                "armsLocked": "1",
                "bodyWeight": "1"
            }
        },
        {
            "start": "00:00:22.820",
            "end": "00:00:23.330",
            "annotations": {
                "compReleaseDepth": "3",
                "classDepth": "0",
                "classRate": "1",
                "compMeanRate": "103",
                "compDepth": "60.6800003",
                "classRelease": "0",
                "armsLocked": "1",
                "bodyWeight": "1"
            }
        },
        {
            "start": "00:00:23.400",
            "end": "00:00:23.910",
            "annotations": {
                "compReleaseDepth": "4",
                "classDepth": "0",
                "classRate": "1",
                "compMeanRate": "104",
                "compDepth": "60.2299995",
                "classRelease": "0",
                "armsLocked": "1",
                "bodyWeight": "1"
            }
        },
        {
            "start": "00:00:23.960",
            "end": "00:00:24.460",
            "annotations": {
                "compReleaseDepth": "5",
                "classDepth": "0",
                "classRate": "1",
                "compMeanRate": "104",
                "compDepth": "57.3799973",
                "classRelease": "1",
                "armsLocked": "1",
                "bodyWeight": "1"
            }
        },
        {
            "start": "00:00:24.530",
            "end": "00:00:25.060",
            "annotations": {
                "compReleaseDepth": "6.38999987",
                "classDepth": "1",
                "classRate": "1",
                "compMeanRate": "103",
                "compDepth": "56.4300003",
                "classRelease": "1",
                "armsLocked": "1",
                "bodyWeight": "1"
            }
        },
        {
            "start": "00:00:25.130",
            "end": "00:00:25.610",
            "annotations": {
                "compReleaseDepth": "5",
                "classDepth": "0",
                "classRate": "1",
                "compMeanRate": "103",
                "compDepth": "54.3199997",
                "classRelease": "1",
                "armsLocked": "1",
                "bodyWeight": "1"
            }
        },
        {
            "start": "00:00:25.710",
            "end": "00:00:26.240",
            "annotations": {
                "compReleaseDepth": "3",
                "classDepth": "0",
                "classRate": "1",
                "compMeanRate": "103",
                "compDepth": "54.3199997",
                "classRelease": "1",
                "armsLocked": "1",
                "bodyWeight": "1"
            }
        },
        {
            "start": "00:00:26.280",
            "end": "00:00:26.950",
            "annotations": {
                "compReleaseDepth": "1.5",
                "classDepth": "0",
                "classRate": "1",
                "compMeanRate": "103",
                "compDepth": "57.8600006",
                "classRelease": "1",
                "armsLocked": "1",
                "bodyWeight": "1"
            }
        },
        {
            "start": "00:00:27.050",
            "end": "00:00:27.580",
            "annotations": {
                "compReleaseDepth": "2",
                "classDepth": "0",
                "classRate": "0",
                "compMeanRate": "94",
                "compDepth": "22.6199989",
                "classRelease": "0",
                "armsLocked": "1",
                "bodyWeight": "1"
            }
        },
        {
            "start": "00:00:27.770",
            "end": "00:00:28.330",
            "annotations": {
                "compReleaseDepth": "4",
                "classDepth": "0",
                "classRate": "0",
                "compMeanRate": "88",
                "compDepth": "50.9099998",
                "classRelease": "1",
                "armsLocked": "0",
                "bodyWeight": "1"
            }
        },
        {
            "start": "00:00:28.390",
            "end": "00:00:28.930",
            "annotations": {
                "compReleaseDepth": "4",
                "classDepth": "0",
                "classRate": "0",
                "compMeanRate": "87",
                "compDepth": "56.8999977",
                "classRelease": "1",
                "armsLocked": "0",
                "bodyWeight": "1"
            }
        },
        {
            "start": "00:00:28.990",
            "end": "00:00:29.480",
            "annotations": {
                "compReleaseDepth": "3",
                "classDepth": "0",
                "classRate": "0",
                "compMeanRate": "95",
                "compDepth": "51.1399994",
                "classRelease": "1",
                "armsLocked": "0",
                "bodyWeight": "1"
            }
        },
        {
            "start": "00:00:29.590",
            "end": "00:00:30.080",
            "annotations": {
                "compReleaseDepth": "2.5",
                "classDepth": "0",
                "classRate": "0",
                "compMeanRate": "99",
                "compDepth": "44.75",
                "classRelease": "0",
                "armsLocked": "0",
                "bodyWeight": "1"
            }
        },
        {
            "start": "00:00:30.140",
            "end": "00:00:30.620",
            "annotations": {
                "compReleaseDepth": "6.10999966",
                "classDepth": "1",
                "classRate": "1",
                "compMeanRate": "101",
                "compDepth": "51.8199997",
                "classRelease": "1",
                "armsLocked": "0",
                "bodyWeight": "1"
            }
        },
        {
            "start": "00:00:30.740",
            "end": "00:00:31.220",
            "annotations": {
                "compReleaseDepth": "7.21999979",
                "classDepth": "1",
                "classRate": "1",
                "compMeanRate": "102",
                "compDepth": "49.0499992",
                "classRelease": "0",
                "armsLocked": "0",
                "bodyWeight": "1"
            }
        },
        {
            "start": "00:00:31.290",
            "end": "00:00:31.770",
            "annotations": {
                "compReleaseDepth": "6.10999966",
                "classDepth": "1",
                "classRate": "1",
                "compMeanRate": "107",
                "compDepth": "52.9499969",
                "classRelease": "1",
                "armsLocked": "0",
                "bodyWeight": "1"
            }
        },
        {
            "start": "00:00:31.860",
            "end": "00:00:32.340",
            "annotations": {
                "compReleaseDepth": "6.10999966",
                "classDepth": "1",
                "classRate": "1",
                "compMeanRate": "109",
                "compDepth": "54.5499992",
                "classRelease": "1",
                "armsLocked": "0",
                "bodyWeight": "1"
            }
        },
        {
            "start": "00:00:32.430",
            "end": "00:00:32.880",
            "annotations": {
                "compReleaseDepth": "6.10999966",
                "classDepth": "1",
                "classRate": "1",
                "compMeanRate": "113",
                "compDepth": "57.3799973",
                "classRelease": "1",
                "armsLocked": "0",
                "bodyWeight": "1"
            }
        },
        {
            "start": "00:00:32.970",
            "end": "00:00:33.410",
            "annotations": {
                "compReleaseDepth": "4",
                "classDepth": "0",
                "classRate": "1",
                "compMeanRate": "110",
                "compDepth": "56.1899986",
                "classRelease": "1",
                "armsLocked": "0",
                "bodyWeight": "1"
            }
        },
        {
            "start": "00:00:33.470",
            "end": "00:00:33.970",
            "annotations": {
                "compReleaseDepth": "5.27999973",
                "classDepth": "1",
                "classRate": "1",
                "compMeanRate": "107",
                "compDepth": "50.2299995",
                "classRelease": "1",
                "armsLocked": "0",
                "bodyWeight": "1"
            }
        },
        {
            "start": "00:00:34.010",
            "end": "00:00:34.490",
            "annotations": {
                "compReleaseDepth": "5.55999994",
                "classDepth": "1",
                "classRate": "1",
                "compMeanRate": "109",
                "compDepth": "53.6399994",
                "classRelease": "1",
                "armsLocked": "0",
                "bodyWeight": "1"
            }
        },
        {
            "start": "00:00:34.550",
            "end": "00:00:35.050",
            "annotations": {
                "compReleaseDepth": "4.5",
                "classDepth": "0",
                "classRate": "1",
                "compMeanRate": "110",
                "compDepth": "51.8199997",
                "classRelease": "1",
                "armsLocked": "0",
                "bodyWeight": "1"
            }
        },
        {
            "start": "00:00:35.090",
            "end": "00:00:35.590",
            "annotations": {
                "compReleaseDepth": "3.5",
                "classDepth": "0",
                "classRate": "1",
                "compMeanRate": "114",
                "compDepth": "54.5499992",
                "classRelease": "1",
                "armsLocked": "0",
                "bodyWeight": "1"
            }
        },
        {
            "start": "00:00:35.640",
            "end": "00:00:36.030",
            "annotations": {
                "compReleaseDepth": "5",
                "classDepth": "0",
                "classRate": "1",
                "compMeanRate": "111",
                "compDepth": "55.4799995",
                "classRelease": "1",
                "armsLocked": "0",
                "bodyWeight": "1"
            }
        },
        {
            "start": "00:00:36.190",
            "end": "00:00:36.660",
            "annotations": {
                "compReleaseDepth": "3",
                "classDepth": "0",
                "classRate": "1",
                "compMeanRate": "111",
                "compDepth": "55.4799995",
                "classRelease": "1",
                "armsLocked": "0",
                "bodyWeight": "1"
            }
        },
        {
            "start": "00:00:36.750",
            "end": "00:00:37.230",
            "annotations": {
                "compReleaseDepth": "5",
                "classDepth": "0",
                "classRate": "1",
                "compMeanRate": "109",
                "compDepth": "50.4500008",
                "classRelease": "1",
                "armsLocked": "0",
                "bodyWeight": "1"
            }
        },
        {
            "start": "00:00:37.260",
            "end": "00:00:37.720",
            "annotations": {
                "compReleaseDepth": "5",
                "classDepth": "0",
                "classRate": "1",
                "compMeanRate": "109",
                "compDepth": "49.7599983",
                "classRelease": "0",
                "armsLocked": "0",
                "bodyWeight": "1"
            }
        },
        {
            "start": "00:00:37.820",
            "end": "00:00:38.260",
            "annotations": {
                "compReleaseDepth": "5",
                "classDepth": "0",
                "classRate": "1",
                "compMeanRate": "109",
                "compDepth": "50.9099998",
                "classRelease": "1",
                "armsLocked": "0",
                "bodyWeight": "1"
            }
        },
        {
            "start": "00:00:38.390",
            "end": "00:00:38.910",
            "annotations": {
                "compReleaseDepth": "3.5",
                "classDepth": "0",
                "classRate": "1",
                "compMeanRate": "106",
                "compDepth": "47.6199989",
                "classRelease": "0",
                "armsLocked": "0",
                "bodyWeight": "1"
            }
        },
        {
            "start": "00:00:38.950",
            "end": "00:00:39.440",
            "annotations": {
                "compReleaseDepth": "5",
                "classDepth": "0",
                "classRate": "1",
                "compMeanRate": "106",
                "compDepth": "52.0499992",
                "classRelease": "1",
                "armsLocked": "0",
                "bodyWeight": "1"
            }
        },
        {
            "start": "00:00:39.510",
            "end": "00:00:40.000",
            "annotations": {
                "compReleaseDepth": "5",
                "classDepth": "0",
                "classRate": "1",
                "compMeanRate": "105",
                "compDepth": "50.9099998",
                "classRelease": "1",
                "armsLocked": "0",
                "bodyWeight": "1"
            }
        },
        {
            "start": "00:00:40.080",
            "end": "00:00:40.580",
            "annotations": {
                "compReleaseDepth": "5",
                "classDepth": "0",
                "classRate": "1",
                "compMeanRate": "107",
                "compDepth": "48.5699997",
                "classRelease": "0",
                "armsLocked": "0",
                "bodyWeight": "1"
            }
        },
        {
            "start": "00:00:40.650",
            "end": "00:00:41.130",
            "annotations": {
                "compReleaseDepth": "3.5",
                "classDepth": "0",
                "classRate": "1",
                "compMeanRate": "107",
                "compDepth": "52.2700005",
                "classRelease": "1",
                "armsLocked": "0",
                "bodyWeight": "1"
            }
        },
        {
            "start": "00:00:41.200",
            "end": "00:00:41.710",
            "annotations": {
                "compReleaseDepth": "4",
                "classDepth": "0",
                "classRate": "1",
                "compMeanRate": "105",
                "compDepth": "49.0499992",
                "classRelease": "0",
                "armsLocked": "0",
                "bodyWeight": "1"
            }
        },
        {
            "start": "00:00:41.760",
            "end": "00:00:42.250",
            "annotations": {
                "compReleaseDepth": "4",
                "classDepth": "0",
                "classRate": "1",
                "compMeanRate": "107",
                "compDepth": "46.8999977",
                "classRelease": "0",
                "armsLocked": "0",
                "bodyWeight": "1"
            }
        },
        {
            "start": "00:00:42.320",
            "end": "00:00:42.790",
            "annotations": {
                "compReleaseDepth": "3",
                "classDepth": "0",
                "classRate": "1",
                "compMeanRate": "105",
                "compDepth": "46.6699982",
                "classRelease": "0",
                "armsLocked": "0",
                "bodyWeight": "1"
            }
        },
        {
            "start": "00:00:42.850",
            "end": "00:00:43.320",
            "annotations": {
                "compReleaseDepth": "5",
                "classDepth": "0",
                "classRate": "1",
                "compMeanRate": "108",
                "compDepth": "48.0999985",
                "classRelease": "0",
                "armsLocked": "0",
                "bodyWeight": "1"
            }
        },
        {
            "start": "00:00:43.370",
            "end": "00:00:43.800",
            "annotations": {
                "compReleaseDepth": "17.5",
                "classDepth": "0",
                "classRate": "1",
                "compMeanRate": "108",
                "compDepth": "46.1899986",
                "classRelease": "0",
                "armsLocked": "0",
                "bodyWeight": "1"
            }
        },
        {
            "start": "00:00:44.580",
            "end": "00:00:45.130",
            "annotations": {
                "compReleaseDepth": "5",
                "classDepth": "0",
                "classRate": "0",
                "compMeanRate": "92",
                "compDepth": "48.5699997",
                "classRelease": "0",
                "armsLocked": "1",
                "bodyWeight": "0"
            }
        },
        {
            "start": "00:00:45.180",
            "end": "00:00:45.510",
            "annotations": {
                "compReleaseDepth": "5.82999992",
                "classDepth": "1",
                "classRate": "0",
                "compMeanRate": "88",
                "compDepth": "49.0499992",
                "classRelease": "0",
                "armsLocked": "1",
                "bodyWeight": "0"
            }
        },
        {
            "start": "00:00:45.640",
            "end": "00:00:46.140",
            "annotations": {
                "compReleaseDepth": "4.5",
                "classDepth": "0",
                "classRate": "0",
                "compMeanRate": "90",
                "compDepth": "45.2399979",
                "classRelease": "0",
                "armsLocked": "1",
                "bodyWeight": "0"
            }
        },
        {
            "start": "00:00:46.200",
            "end": "00:00:46.700",
            "annotations": {
                "compReleaseDepth": "5",
                "classDepth": "0",
                "classRate": "1",
                "compMeanRate": "107",
                "compDepth": "42.25",
                "classRelease": "0",
                "armsLocked": "1",
                "bodyWeight": "0"
            }
        },
        {
            "start": "00:00:46.750",
            "end": "00:00:47.250",
            "annotations": {
                "compReleaseDepth": "4.5",
                "classDepth": "0",
                "classRate": "1",
                "compMeanRate": "111",
                "compDepth": "46.8999977",
                "classRelease": "0",
                "armsLocked": "1",
                "bodyWeight": "0"
            }
        },
        {
            "start": "00:00:47.300",
            "end": "00:00:47.920",
            "annotations": {
                "compReleaseDepth": "5.55999994",
                "classDepth": "1",
                "classRate": "1",
                "compMeanRate": "109",
                "compDepth": "50",
                "classRelease": "1",
                "armsLocked": "1",
                "bodyWeight": "0"
            }
        },
        {
            "start": "00:00:47.930",
            "end": "00:00:48.400",
            "annotations": {
                "compReleaseDepth": "4.5",
                "classDepth": "0",
                "classRate": "1",
                "compMeanRate": "108",
                "compDepth": "48.8099976",
                "classRelease": "0",
                "armsLocked": "0",
                "bodyWeight": "0"
            }
        },
        {
            "start": "00:00:48.430",
            "end": "00:00:48.990",
            "annotations": {
                "compReleaseDepth": "2",
                "classDepth": "0",
                "classRate": "1",
                "compMeanRate": "107",
                "compDepth": "47.8600006",
                "classRelease": "0",
                "armsLocked": "0",
                "bodyWeight": "0"
            }
        },
        {
            "start": "00:00:48.990",
            "end": "00:00:49.450",
            "annotations": {
                "compReleaseDepth": "3",
                "classDepth": "0",
                "classRate": "1",
                "compMeanRate": "106",
                "compDepth": "49.2899971",
                "classRelease": "0",
                "armsLocked": "0",
                "bodyWeight": "0"
            }
        },
        {
            "start": "00:00:49.540",
            "end": "00:00:50.070",
            "annotations": {
                "compReleaseDepth": "5",
                "classDepth": "0",
                "classRate": "1",
                "compMeanRate": "107",
                "compDepth": "52.7299995",
                "classRelease": "1",
                "armsLocked": "0",
                "bodyWeight": "0"
            }
        },
        {
            "start": "00:00:50.160",
            "end": "00:00:50.660",
            "annotations": {
                "compReleaseDepth": "5.82999992",
                "classDepth": "1",
                "classRate": "1",
                "compMeanRate": "104",
                "compDepth": "48.0999985",
                "classRelease": "0",
                "armsLocked": "0",
                "bodyWeight": "0"
            }
        },
        {
            "start": "00:00:50.700",
            "end": "00:00:51.180",
            "annotations": {
                "compReleaseDepth": "5",
                "classDepth": "0",
                "classRate": "1",
                "compMeanRate": "104",
                "compDepth": "52.7299995",
                "classRelease": "1",
                "armsLocked": "0",
                "bodyWeight": "0"
            }
        },
        {
            "start": "00:00:51.290",
            "end": "00:00:51.740",
            "annotations": {
                "compReleaseDepth": "5",
                "classDepth": "0",
                "classRate": "1",
                "compMeanRate": "105",
                "compDepth": "51.8199997",
                "classRelease": "1",
                "armsLocked": "0",
                "bodyWeight": "0"
            }
        },
        {
            "start": "00:00:51.850",
            "end": "00:00:52.250",
            "annotations": {
                "compReleaseDepth": "3",
                "classDepth": "0",
                "classRate": "1",
                "compMeanRate": "109",
                "compDepth": "47.8600006",
                "classRelease": "0",
                "armsLocked": "0",
                "bodyWeight": "0"
            }
        },
        {
            "start": "00:00:52.330",
            "end": "00:00:52.820",
            "annotations": {
                "compReleaseDepth": "3",
                "classDepth": "0",
                "classRate": "1",
                "compMeanRate": "109",
                "compDepth": "44.25",
                "classRelease": "0",
                "armsLocked": "0",
                "bodyWeight": "0"
            }
        },
        {
            "start": "00:00:52.890",
            "end": "00:00:53.380",
            "annotations": {
                "compReleaseDepth": "5.55999994",
                "classDepth": "1",
                "classRate": "1",
                "compMeanRate": "109",
                "compDepth": "49.2899971",
                "classRelease": "0",
                "armsLocked": "0",
                "bodyWeight": "0"
            }
        },
        {
            "start": "00:00:53.480",
            "end": "00:00:53.980",
            "annotations": {
                "compReleaseDepth": "3",
                "classDepth": "0",
                "classRate": "1",
                "compMeanRate": "106",
                "compDepth": "45.2399979",
                "classRelease": "0",
                "armsLocked": "0",
                "bodyWeight": "0"
            }
        },
        {
            "start": "00:00:54.030",
            "end": "00:00:54.400",
            "annotations": {
                "compReleaseDepth": "3",
                "classDepth": "0",
                "classRate": "1",
                "compMeanRate": "107",
                "compDepth": "50.9099998",
                "classRelease": "1",
                "armsLocked": "0",
                "bodyWeight": "0"
            }
        },
        {
            "start": "00:00:54.550",
            "end": "00:00:55.040",
            "annotations": {
                "compReleaseDepth": "3",
                "classDepth": "0",
                "classRate": "1",
                "compMeanRate": "106",
                "compDepth": "44.25",
                "classRelease": "0",
                "armsLocked": "1",
                "bodyWeight": "0"
            }
        },
        {
            "start": "00:00:55.130",
            "end": "00:00:55.650",
            "annotations": {
                "compReleaseDepth": "3.5",
                "classDepth": "0",
                "classRate": "1",
                "compMeanRate": "109",
                "compDepth": "57.3799973",
                "classRelease": "1",
                "armsLocked": "0",
                "bodyWeight": "0"
            }
        },
        {
            "start": "00:00:55.660",
            "end": "00:00:56.170",
            "annotations": {
                "compReleaseDepth": "2",
                "classDepth": "0",
                "classRate": "1",
                "compMeanRate": "111",
                "compDepth": "61.1399994",
                "classRelease": "0",
                "armsLocked": "0",
                "bodyWeight": "0"
            }
        },
        {
            "start": "00:00:56.770",
            "end": "00:00:57.320",
            "annotations": {
                "compReleaseDepth": "6.38999987",
                "classDepth": "1",
                "classRate": "0",
                "compMeanRate": "92",
                "compDepth": "60",
                "classRelease": "1",
                "armsLocked": "1",
                "bodyWeight": "1"
            }
        },
        {
            "start": "00:00:57.390",
            "end": "00:00:57.880",
            "annotations": {
                "compReleaseDepth": "5",
                "classDepth": "0",
                "classRate": "0",
                "compMeanRate": "89",
                "compDepth": "55.4799995",
                "classRelease": "1",
                "armsLocked": "1",
                "bodyWeight": "1"
            }
        },
        {
            "start": "00:00:57.930",
            "end": "00:00:58.430",
            "annotations": {
                "compReleaseDepth": "5",
                "classDepth": "0",
                "classRate": "0",
                "compMeanRate": "86",
                "compDepth": "58.0999985",
                "classRelease": "1",
                "armsLocked": "1",
                "bodyWeight": "1"
            }
        },
        {
            "start": "00:00:58.530",
            "end": "00:00:59.010",
            "annotations": {
                "compReleaseDepth": "5",
                "classDepth": "0",
                "classRate": "1",
                "compMeanRate": "104",
                "compDepth": "61.1399994",
                "classRelease": "0",
                "armsLocked": "1",
                "bodyWeight": "1"
            }
        },
        {
            "start": "00:00:59.090",
            "end": "00:00:59.610",
            "annotations": {
                "compReleaseDepth": "3",
                "classDepth": "0",
                "classRate": "1",
                "compMeanRate": "107",
                "compDepth": "60.2299995",
                "classRelease": "0",
                "armsLocked": "1",
                "bodyWeight": "1"
            }
        },
        {
            "start": "00:00:59.640",
            "end": "00:01:00.130",
            "annotations": {
                "compReleaseDepth": "3.5",
                "classDepth": "0",
                "classRate": "1",
                "compMeanRate": "107",
                "compDepth": "61.1399994",
                "classRelease": "0",
                "armsLocked": "1",
                "bodyWeight": "1"
            }
        },
        {
            "start": "00:01:00.190",
            "end": "00:01:00.640",
            "annotations": {
                "compReleaseDepth": "3",
                "classDepth": "0",
                "classRate": "1",
                "compMeanRate": "107",
                "compDepth": "60.2299995",
                "classRelease": "0",
                "armsLocked": "1",
                "bodyWeight": "1"
            }
        },
        {
            "start": "00:01:00.770",
            "end": "00:01:01.290",
            "annotations": {
                "compReleaseDepth": "3.5",
                "classDepth": "0",
                "classRate": "1",
                "compMeanRate": "107",
                "compDepth": "55.4799995",
                "classRelease": "1",
                "armsLocked": "1",
                "bodyWeight": "1"
            }
        },
        {
            "start": "00:01:01.310",
            "end": "00:01:01.830",
            "annotations": {
                "compReleaseDepth": "3.5",
                "classDepth": "0",
                "classRate": "1",
                "compMeanRate": "107",
                "compDepth": "58.0999985",
                "classRelease": "1",
                "armsLocked": "1",
                "bodyWeight": "1"
            }
        },
        {
            "start": "00:01:01.880",
            "end": "00:01:02.360",
            "annotations": {
                "compReleaseDepth": "4",
                "classDepth": "0",
                "classRate": "1",
                "compMeanRate": "106",
                "compDepth": "55.4799995",
                "classRelease": "1",
                "armsLocked": "1",
                "bodyWeight": "1"
            }
        },
        {
            "start": "00:01:02.420",
            "end": "00:01:02.870",
            "annotations": {
                "compReleaseDepth": "3",
                "classDepth": "0",
                "classRate": "1",
                "compMeanRate": "108",
                "compDepth": "56.1899986",
                "classRelease": "1",
                "armsLocked": "1",
                "bodyWeight": "1"
            }
        },
        {
            "start": "00:01:03.000",
            "end": "00:01:03.500",
            "annotations": {
                "compReleaseDepth": "3",
                "classDepth": "0",
                "classRate": "1",
                "compMeanRate": "106",
                "compDepth": "52.9499969",
                "classRelease": "1",
                "armsLocked": "1",
                "bodyWeight": "1"
            }
        },
        {
            "start": "00:01:03.550",
            "end": "00:01:04.090",
            "annotations": {
                "compReleaseDepth": "3",
                "classDepth": "0",
                "classRate": "1",
                "compMeanRate": "105",
                "compDepth": "55.4799995",
                "classRelease": "1",
                "armsLocked": "1",
                "bodyWeight": "1"
            }
        },
        {
            "start": "00:01:04.150",
            "end": "00:01:04.670",
            "annotations": {
                "compReleaseDepth": "3.5",
                "classDepth": "0",
                "classRate": "1",
                "compMeanRate": "102",
                "compDepth": "53.6399994",
                "classRelease": "1",
                "armsLocked": "1",
                "bodyWeight": "1"
            }
        },
        {
            "start": "00:01:04.730",
            "end": "00:01:05.260",
            "annotations": {
                "compReleaseDepth": "3",
                "classDepth": "0",
                "classRate": "1",
                "compMeanRate": "104",
                "compDepth": "53.6399994",
                "classRelease": "1",
                "armsLocked": "1",
                "bodyWeight": "1"
            }
        },
        {
            "start": "00:01:05.319",
            "end": "00:01:05.830",
            "annotations": {
                "compReleaseDepth": "4",
                "classDepth": "0",
                "classRate": "1",
                "compMeanRate": "104",
                "compDepth": "56.4300003",
                "classRelease": "1",
                "armsLocked": "1",
                "bodyWeight": "1"
            }
        },
        {
            "start": "00:01:05.880",
            "end": "00:01:06.410",
            "annotations": {
                "compReleaseDepth": "5.82999992",
                "classDepth": "1",
                "classRate": "1",
                "compMeanRate": "103",
                "compDepth": "59.2899971",
                "classRelease": "1",
                "armsLocked": "1",
                "bodyWeight": "1"
            }
        },
        {
            "start": "00:01:06.450",
            "end": "00:01:06.980",
            "annotations": {
                "compReleaseDepth": "5.55999994",
                "classDepth": "1",
                "classRate": "1",
                "compMeanRate": "103",
                "compDepth": "57.3799973",
                "classRelease": "1",
                "armsLocked": "1",
                "bodyWeight": "1"
            }
        },
        {
            "start": "00:01:07.030",
            "end": "00:01:07.610",
            "annotations": {
                "compReleaseDepth": "5",
                "classDepth": "0",
                "classRate": "1",
                "compMeanRate": "103",
                "compDepth": "55.2399979",
                "classRelease": "1",
                "armsLocked": "1",
                "bodyWeight": "1"
            }
        },
        {
            "start": "00:01:07.670",
            "end": "00:01:08.190",
            "annotations": {
                "compReleaseDepth": "5",
                "classDepth": "0",
                "classRate": "1",
                "compMeanRate": "103",
                "compDepth": "60.4499969",
                "classRelease": "0",
                "armsLocked": "1",
                "bodyWeight": "1"
            }
        },
        {
            "start": "00:01:08.240",
            "end": "00:01:08.790",
            "annotations": {
                "compReleaseDepth": "4",
                "classDepth": "0",
                "classRate": "1",
                "compMeanRate": "101",
                "compDepth": "60.2299995",
                "classRelease": "0",
                "armsLocked": "1",
                "bodyWeight": "1"
            }
        },
        {
            "start": "00:01:08.840",
            "end": "00:01:09.410",
            "annotations": {
                "compReleaseDepth": "5",
                "classDepth": "0",
                "classRate": "1",
                "compMeanRate": "100",
                "compDepth": "58.329998",
                "classRelease": "1",
                "armsLocked": "1",
                "bodyWeight": "1"
            }
        },
        {
            "start": "00:01:09.420",
            "end": "00:01:10.030",
            "annotations": {
                "compReleaseDepth": "3",
                "classDepth": "0",
                "classRate": "1",
                "compMeanRate": "101",
                "compDepth": "51.3600006",
                "classRelease": "1",
                "armsLocked": "1",
                "bodyWeight": "1"
            }
        },
        {
            "start": "00:01:10.040",
            "end": "00:01:10.520",
            "annotations": {
                "compReleaseDepth": "5",
                "classDepth": "0",
                "classRate": "1",
                "compMeanRate": "101",
                "compDepth": "55.7099991",
                "classRelease": "1",
                "armsLocked": "1",
                "bodyWeight": "1"
            }
        },
        {
            "start": "00:01:10.630",
            "end": "00:01:11.150",
            "annotations": {
                "compReleaseDepth": "3",
                "classDepth": "0",
                "classRate": "1",
                "compMeanRate": "102",
                "compDepth": "56.4300003",
                "classRelease": "1",
                "armsLocked": "1",
                "bodyWeight": "1"
            }
        },
        {
            "start": "00:01:11.190",
            "end": "00:01:11.660",
            "annotations": {
                "compReleaseDepth": "5",
                "classDepth": "0",
                "classRate": "1",
                "compMeanRate": "102",
                "compDepth": "56.4300003",
                "classRelease": "1",
                "armsLocked": "1",
                "bodyWeight": "1"
            }
        },
        {
            "start": "00:01:11.750",
            "end": "00:01:12.250",
            "annotations": {
                "compReleaseDepth": "5",
                "classDepth": "0",
                "classRate": "1",
                "compMeanRate": "105",
                "compDepth": "58.8099976",
                "classRelease": "1",
                "armsLocked": "1",
                "bodyWeight": "1"
            }
        },
        {
            "start": "00:01:12.330",
            "end": "00:01:12.870",
            "annotations": {
                "compReleaseDepth": "4",
                "classDepth": "0",
                "classRate": "1",
                "compMeanRate": "103",
                "compDepth": "53.6399994",
                "classRelease": "1",
                "armsLocked": "1",
                "bodyWeight": "1"
            }
        },
        {
            "start": "00:01:12.960",
            "end": "00:01:13.420",
            "annotations": {
                "compReleaseDepth": "4.5",
                "classDepth": "0",
                "classRate": "1",
                "compMeanRate": "101",
                "compDepth": "57.8600006",
                "classRelease": "1",
                "armsLocked": "1",
                "bodyWeight": "1"
            }
        },
        {
            "start": "00:01:13.540",
            "end": "00:01:14.070",
            "annotations": {
                "compReleaseDepth": "4.5",
                "classDepth": "0",
                "classRate": "0",
                "compMeanRate": "99",
                "compDepth": "57.3799973",
                "classRelease": "1",
                "armsLocked": "1",
                "bodyWeight": "1"
            }
        },
        {
            "start": "00:01:14.160",
            "end": "00:01:14.870",
            "annotations": {
                "compReleaseDepth": "3",
                "classDepth": "0",
                "classRate": "0",
                "compMeanRate": "99",
                "compDepth": "62.9499969",
                "classRelease": "0",
                "armsLocked": "1",
                "bodyWeight": "1"
            }
        },
        {
            "start": "00:01:15.210",
            "end": "00:01:15.690",
            "annotations": {
                "compReleaseDepth": "2",
                "classDepth": "0",
                "classRate": "0",
                "compMeanRate": "84",
                "compDepth": "15.25",
                "classRelease": "0",
                "armsLocked": "0",
                "bodyWeight": "1"
            }
        },
        {
            "start": "00:01:15.810",
            "end": "00:01:16.350",
            "annotations": {
                "compReleaseDepth": "3.5",
                "classDepth": "0",
                "classRate": "0",
                "compMeanRate": "87",
                "compDepth": "55",
                "classRelease": "1",
                "armsLocked": "0",
                "bodyWeight": "1"
            }
        },
        {
            "start": "00:01:16.450",
            "end": "00:01:16.910",
            "annotations": {
                "compReleaseDepth": "3",
                "classDepth": "0",
                "classRate": "0",
                "compMeanRate": "89",
                "compDepth": "59.2899971",
                "classRelease": "1",
                "armsLocked": "0",
                "bodyWeight": "1"
            }
        },
        {
            "start": "00:01:17.010",
            "end": "00:01:17.510",
            "annotations": {
                "compReleaseDepth": "5",
                "classDepth": "0",
                "classRate": "1",
                "compMeanRate": "103",
                "compDepth": "51.8199997",
                "classRelease": "1",
                "armsLocked": "0",
                "bodyWeight": "1"
            }
        },
        {
            "start": "00:01:17.590",
            "end": "00:01:18.090",
            "annotations": {
                "compReleaseDepth": "4",
                "classDepth": "0",
                "classRate": "1",
                "compMeanRate": "101",
                "compDepth": "56.4300003",
                "classRelease": "1",
                "armsLocked": "0",
                "bodyWeight": "1"
            }
        },
        {
            "start": "00:01:18.150",
            "end": "00:01:18.640",
            "annotations": {
                "compReleaseDepth": "3",
                "classDepth": "0",
                "classRate": "1",
                "compMeanRate": "101",
                "compDepth": "57.3799973",
                "classRelease": "1",
                "armsLocked": "0",
                "bodyWeight": "1"
            }
        },
        {
            "start": "00:01:18.730",
            "end": "00:01:19.210",
            "annotations": {
                "compReleaseDepth": "4.5",
                "classDepth": "0",
                "classRate": "1",
                "compMeanRate": "107",
                "compDepth": "59.7599983",
                "classRelease": "1",
                "armsLocked": "0",
                "bodyWeight": "1"
            }
        },
        {
            "start": "00:01:19.270",
            "end": "00:01:19.780",
            "annotations": {
                "compReleaseDepth": "5",
                "classDepth": "0",
                "classRate": "1",
                "compMeanRate": "108",
                "compDepth": "61.3599968",
                "classRelease": "0",
                "armsLocked": "0",
                "bodyWeight": "1"
            }
        },
        {
            "start": "00:01:19.860",
            "end": "00:01:20.410",
            "annotations": {
                "compReleaseDepth": "6.94000006",
                "classDepth": "1",
                "classRate": "1",
                "compMeanRate": "111",
                "compDepth": "60.2299995",
                "classRelease": "0",
                "armsLocked": "0",
                "bodyWeight": "1"
            }
        },
        {
            "start": "00:01:20.410",
            "end": "00:01:20.840",
            "annotations": {
                "compReleaseDepth": "3.5",
                "classDepth": "0",
                "classRate": "1",
                "compMeanRate": "110",
                "compDepth": "57.3799973",
                "classRelease": "1",
                "armsLocked": "0",
                "bodyWeight": "1"
            }
        },
        {
            "start": "00:01:20.900",
            "end": "00:01:21.370",
            "annotations": {
                "compReleaseDepth": "3",
                "classDepth": "0",
                "classRate": "1",
                "compMeanRate": "111",
                "compDepth": "55.4799995",
                "classRelease": "1",
                "armsLocked": "0",
                "bodyWeight": "1"
            }
        },
        {
            "start": "00:01:21.500",
            "end": "00:01:22.040",
            "annotations": {
                "compReleaseDepth": "3.5",
                "classDepth": "0",
                "classRate": "1",
                "compMeanRate": "109",
                "compDepth": "50.9099998",
                "classRelease": "1",
                "armsLocked": "0",
                "bodyWeight": "1"
            }
        },
        {
            "start": "00:01:22.070",
            "end": "00:01:22.500",
            "annotations": {
                "compReleaseDepth": "5",
                "classDepth": "0",
                "classRate": "1",
                "compMeanRate": "109",
                "compDepth": "51.8199997",
                "classRelease": "1",
                "armsLocked": "0",
                "bodyWeight": "1"
            }
        },
        {
            "start": "00:01:22.620",
            "end": "00:01:23.110",
            "annotations": {
                "compReleaseDepth": "2",
                "classDepth": "0",
                "classRate": "1",
                "compMeanRate": "108",
                "compDepth": "48.5699997",
                "classRelease": "0",
                "armsLocked": "0",
                "bodyWeight": "1"
            }
        },
        {
            "start": "00:01:23.170",
            "end": "00:01:23.620",
            "annotations": {
                "compReleaseDepth": "3.5",
                "classDepth": "0",
                "classRate": "1",
                "compMeanRate": "109",
                "compDepth": "52.2700005",
                "classRelease": "1",
                "armsLocked": "0",
                "bodyWeight": "1"
            }
        },
        {
            "start": "00:01:23.680",
            "end": "00:01:24.100",
            "annotations": {
                "compReleaseDepth": "3",
                "classDepth": "0",
                "classRate": "1",
                "compMeanRate": "109",
                "compDepth": "52.7299995",
                "classRelease": "1",
                "armsLocked": "0",
                "bodyWeight": "1"
            }
        },
        {
            "start": "00:01:24.200",
            "end": "00:01:24.630",
            "annotations": {
                "compReleaseDepth": "3",
                "classDepth": "0",
                "classRate": "1",
                "compMeanRate": "112",
                "compDepth": "55.4799995",
                "classRelease": "1",
                "armsLocked": "0",
                "bodyWeight": "1"
            }
        },
        {
            "start": "00:01:24.720",
            "end": "00:01:25.190",
            "annotations": {
                "compReleaseDepth": "3",
                "classDepth": "0",
                "classRate": "1",
                "compMeanRate": "112",
                "compDepth": "51.1399994",
                "classRelease": "1",
                "armsLocked": "0",
                "bodyWeight": "1"
            }
        },
        {
            "start": "00:01:25.260",
            "end": "00:01:25.690",
            "annotations": {
                "compReleaseDepth": "5",
                "classDepth": "0",
                "classRate": "1",
                "compMeanRate": "113",
                "compDepth": "51.8199997",
                "classRelease": "1",
                "armsLocked": "0",
                "bodyWeight": "1"
            }
        },
        {
            "start": "00:01:25.770",
            "end": "00:01:26.270",
            "annotations": {
                "compReleaseDepth": "4",
                "classDepth": "0",
                "classRate": "1",
                "compMeanRate": "111",
                "compDepth": "52.7299995",
                "classRelease": "1",
                "armsLocked": "0",
                "bodyWeight": "1"
            }
        },
        {
            "start": "00:01:26.330",
            "end": "00:01:26.800",
            "annotations": {
                "compReleaseDepth": "3.5",
                "classDepth": "0",
                "classRate": "1",
                "compMeanRate": "111",
                "compDepth": "47.8600006",
                "classRelease": "0",
                "armsLocked": "0",
                "bodyWeight": "1"
            }
        },
        {
            "start": "00:01:26.830",
            "end": "00:01:27.280",
            "annotations": {
                "compReleaseDepth": "3",
                "classDepth": "0",
                "classRate": "1",
                "compMeanRate": "114",
                "compDepth": "48.5699997",
                "classRelease": "0",
                "armsLocked": "0",
                "bodyWeight": "1"
            }
        },
        {
            "start": "00:01:27.390",
            "end": "00:01:27.850",
            "annotations": {
                "compReleaseDepth": "3",
                "classDepth": "0",
                "classRate": "1",
                "compMeanRate": "112",
                "compDepth": "42",
                "classRelease": "0",
                "armsLocked": "0",
                "bodyWeight": "1"
            }
        },
        {
            "start": "00:01:27.960",
            "end": "00:01:28.420",
            "annotations": {
                "compReleaseDepth": "3",
                "classDepth": "0",
                "classRate": "1",
                "compMeanRate": "110",
                "compDepth": "40.25",
                "classRelease": "0",
                "armsLocked": "0",
                "bodyWeight": "1"
            }
        },
        {
            "start": "00:01:28.530",
            "end": "00:01:29.000",
            "annotations": {
                "compReleaseDepth": "3",
                "classDepth": "0",
                "classRate": "1",
                "compMeanRate": "107",
                "compDepth": "44.75",
                "classRelease": "0",
                "armsLocked": "0",
                "bodyWeight": "1"
            }
        },
        {
            "start": "00:01:29.080",
            "end": "00:01:29.570",
            "annotations": {
                "compReleaseDepth": "3.5",
                "classDepth": "0",
                "classRate": "1",
                "compMeanRate": "105",
                "compDepth": "37.5",
                "classRelease": "0",
                "armsLocked": "0",
                "bodyWeight": "1"
            }
        },
        {
            "start": "00:01:29.610",
            "end": "00:01:30.120",
            "annotations": {
                "compReleaseDepth": "4",
                "classDepth": "0",
                "classRate": "1",
                "compMeanRate": "106",
                "compDepth": "38.25",
                "classRelease": "0",
                "armsLocked": "0",
                "bodyWeight": "1"
            }
        },
        {
            "start": "00:01:30.170",
            "end": "00:01:30.650",
            "annotations": {
                "compReleaseDepth": "3",
                "classDepth": "0",
                "classRate": "1",
                "compMeanRate": "107",
                "compDepth": "41.25",
                "classRelease": "0",
                "armsLocked": "0",
                "bodyWeight": "1"
            }
        },
        {
            "start": "00:01:30.730",
            "end": "00:01:31.220",
            "annotations": {
                "compReleaseDepth": "3",
                "classDepth": "0",
                "classRate": "1",
                "compMeanRate": "109",
                "compDepth": "38.25",
                "classRelease": "0",
                "armsLocked": "0",
                "bodyWeight": "1"
            }
        },
        {
            "start": "00:01:31.280",
            "end": "00:01:31.750",
            "annotations": {
                "compReleaseDepth": "3",
                "classDepth": "0",
                "classRate": "1",
                "compMeanRate": "110",
                "compDepth": "49.0499992",
                "classRelease": "0",
                "armsLocked": "0",
                "bodyWeight": "1"
            }
        },
        {
            "start": "00:01:31.810",
            "end": "00:01:32.360",
            "annotations": {
                "compReleaseDepth": "3",
                "classDepth": "0",
                "classRate": "1",
                "compMeanRate": "105",
                "compDepth": "17.75",
                "classRelease": "0",
                "armsLocked": "0",
                "bodyWeight": "1"
            }
        },
        {
            "start": "00:01:32.450",
            "end": "00:01:33.030",
            "annotations": {
                "compReleaseDepth": "3",
                "classDepth": "0",
                "classRate": "1",
                "compMeanRate": "104",
                "compDepth": "29.5",
                "classRelease": "0",
                "armsLocked": "0",
                "bodyWeight": "0"
            }
        },
        {
            "start": "00:01:33.080",
            "end": "00:01:33.520",
            "annotations": {
                "compReleaseDepth": "5",
                "classDepth": "0",
                "classRate": "1",
                "compMeanRate": "101",
                "compDepth": "51.8199997",
                "classRelease": "1",
                "armsLocked": "1",
                "bodyWeight": "0"
            }
        },
        {
            "start": "00:01:33.610",
            "end": "00:01:34.050",
            "annotations": {
                "compReleaseDepth": "4",
                "classDepth": "0",
                "classRate": "1",
                "compMeanRate": "106",
                "compDepth": "47.1399994",
                "classRelease": "0",
                "armsLocked": "1",
                "bodyWeight": "0"
            }
        },
        {
            "start": "00:01:34.130",
            "end": "00:01:34.660",
            "annotations": {
                "compReleaseDepth": "2",
                "classDepth": "0",
                "classRate": "1",
                "compMeanRate": "107",
                "compDepth": "41",
                "classRelease": "0",
                "armsLocked": "1",
                "bodyWeight": "0"
            }
        },
        {
            "start": "00:01:34.690",
            "end": "00:01:35.150",
            "annotations": {
                "compReleaseDepth": "4",
                "classDepth": "0",
                "classRate": "1",
                "compMeanRate": "111",
                "compDepth": "45",
                "classRelease": "0",
                "armsLocked": "1",
                "bodyWeight": "0"
            }
        },
        {
            "start": "00:01:35.210",
            "end": "00:01:35.610",
            "annotations": {
                "compReleaseDepth": "5",
                "classDepth": "0",
                "classRate": "1",
                "compMeanRate": "113",
                "compDepth": "58.329998",
                "classRelease": "1",
                "armsLocked": "0",
                "bodyWeight": "0"
            }
        },
        {
            "start": "00:01:35.690",
            "end": "00:01:36.180",
            "annotations": {
                "compReleaseDepth": "4.5",
                "classDepth": "0",
                "classRate": "1",
                "compMeanRate": "116",
                "compDepth": "54.7700005",
                "classRelease": "1",
                "armsLocked": "0",
                "bodyWeight": "0"
            }
        },
        {
            "start": "00:01:36.250",
            "end": "00:01:36.710",
            "annotations": {
                "compReleaseDepth": "3.5",
                "classDepth": "0",
                "classRate": "1",
                "compMeanRate": "115",
                "compDepth": "59.0499992",
                "classRelease": "1",
                "armsLocked": "0",
                "bodyWeight": "0"
            }
        },
        {
            "start": "00:01:36.800",
            "end": "00:01:37.260",
            "annotations": {
                "compReleaseDepth": "3",
                "classDepth": "0",
                "classRate": "1",
                "compMeanRate": "111",
                "compDepth": "56.1899986",
                "classRelease": "1",
                "armsLocked": "0",
                "bodyWeight": "0"
            }
        },
        {
            "start": "00:01:37.370",
            "end": "00:01:37.830",
            "annotations": {
                "compReleaseDepth": "3",
                "classDepth": "0",
                "classRate": "1",
                "compMeanRate": "107",
                "compDepth": "51.5900002",
                "classRelease": "1",
                "armsLocked": "0",
                "bodyWeight": "0"
            }
        },
        {
            "start": "00:01:37.930",
            "end": "00:01:38.470",
            "annotations": {
                "compReleaseDepth": "4",
                "classDepth": "0",
                "classRate": "1",
                "compMeanRate": "104",
                "compDepth": "54.5499992",
                "classRelease": "1",
                "armsLocked": "0",
                "bodyWeight": "0"
            }
        },
        {
            "start": "00:01:38.490",
            "end": "00:01:38.990",
            "annotations": {
                "compReleaseDepth": "3",
                "classDepth": "0",
                "classRate": "1",
                "compMeanRate": "107",
                "compDepth": "58.329998",
                "classRelease": "1",
                "armsLocked": "0",
                "bodyWeight": "0"
            }
        },
        {
            "start": "00:01:39.070",
            "end": "00:01:39.530",
            "annotations": {
                "compReleaseDepth": "3",
                "classDepth": "0",
                "classRate": "1",
                "compMeanRate": "107",
                "compDepth": "62.0499992",
                "classRelease": "0",
                "armsLocked": "0",
                "bodyWeight": "0"
            }
        },
        {
            "start": "00:01:39.590",
            "end": "00:01:40.050",
            "annotations": {
                "compReleaseDepth": "3",
                "classDepth": "0",
                "classRate": "1",
                "compMeanRate": "109",
                "compDepth": "59.2899971",
                "classRelease": "1",
                "armsLocked": "0"
            }
        },
        {
            "start": "00:01:40.170",
            "end": "00:01:40.610",
            "annotations": {
                "compReleaseDepth": "4",
                "classDepth": "0",
                "classRate": "1",
                "compMeanRate": "111",
                "compDepth": "60.2299995",
                "classRelease": "0",
                "armsLocked": "0",
                "bodyWeight": "0"
            }
        },
        {
            "start": "00:01:40.690",
            "end": "00:01:41.150",
            "annotations": {
                "compReleaseDepth": "3",
                "classDepth": "0",
                "classRate": "1",
                "compMeanRate": "110",
                "compDepth": "56.8999977",
                "classRelease": "1",
                "armsLocked": "0",
                "bodyWeight": "0"
            }
        },
        {
            "start": "00:01:41.260",
            "end": "00:01:41.720",
            "annotations": {
                "compReleaseDepth": "2.5",
                "classDepth": "0",
                "classRate": "1",
                "compMeanRate": "108",
                "compDepth": "55",
                "classRelease": "1",
                "armsLocked": "0",
                "bodyWeight": "0"
            }
        },
        {
            "start": "00:01:41.780",
            "end": "00:01:42.300",
            "annotations": {
                "compReleaseDepth": "1.5",
                "classDepth": "0",
                "classRate": "1",
                "compMeanRate": "110",
                "compDepth": "56.6699982",
                "classRelease": "1",
                "armsLocked": "0",
                "bodyWeight": "0"
            }
        },
        {
            "start": "00:01:42.430",
            "end": "00:01:43.060",
            "annotations": {
                "compReleaseDepth": "1.5",
                "classDepth": "0",
                "classRate": "1",
                "compMeanRate": "102",
                "compDepth": "58.8099976",
                "classRelease": "1",
                "armsLocked": "0",
                "bodyWeight": "0"
            }
        },
        {
            "start": "00:01:43.120",
            "end": "00:01:43.650",
            "annotations": {
                "compReleaseDepth": "3",
                "classDepth": "0",
                "classRate": "0",
                "compMeanRate": "95",
                "compDepth": "44.25",
                "classRelease": "0",
                "armsLocked": "0",
                "bodyWeight": "0"
            }
        },
        {
            "start": "00:01:43.740",
            "end": "00:01:44.190",
            "annotations": {
                "compReleaseDepth": "3",
                "classDepth": "0",
                "classRate": "0",
                "compMeanRate": "92",
                "compDepth": "57.3799973",
                "classRelease": "1",
                "armsLocked": "0",
                "bodyWeight": "0"
            }
        },
        {
            "start": "00:01:44.290",
            "end": "00:01:44.750",
            "annotations": {
                "compReleaseDepth": "2.5",
                "classDepth": "0",
                "classRate": "1",
                "compMeanRate": "102",
                "compDepth": "53.8600006",
                "classRelease": "1",
                "armsLocked": "0",
                "bodyWeight": "0"
            }
        },
        {
            "start": "00:01:44.910",
            "end": "00:01:45.410",
            "annotations": {
                "compReleaseDepth": "2",
                "classDepth": "0",
                "classRate": "1",
                "compMeanRate": "103",
                "compDepth": "51.8199997",
                "classRelease": "1",
                "armsLocked": "0",
                "bodyWeight": "0"
            }
        },
        {
            "start": "00:01:45.480",
            "end": "00:01:45.950",
            "annotations": {
                "compReleaseDepth": "3",
                "classDepth": "0",
                "classRate": "1",
                "compMeanRate": "104",
                "compDepth": "53.6399994",
                "classRelease": "1",
                "armsLocked": "0",
                "bodyWeight": "0"
            }
        },
        {
            "start": "00:01:46.070",
            "end": "00:01:46.520",
            "annotations": {
                "compReleaseDepth": "3",
                "classDepth": "0",
                "classRate": "1",
                "compMeanRate": "101",
                "compDepth": "46.1899986",
                "classRelease": "0",
                "armsLocked": "0",
                "bodyWeight": "0"
            }
        },
        {
            "start": "00:01:46.680",
            "end": "00:01:47.110",
            "annotations": {
                "compReleaseDepth": "5",
                "classDepth": "0",
                "classRate": "1",
                "compMeanRate": "101",
                "compDepth": "44.75",
                "classRelease": "0",
                "armsLocked": "0",
                "bodyWeight": "0"
            }
        },
        {
            "start": "00:01:47.480",
            "end": "00:01:47.930",
            "annotations": {
                "compReleaseDepth": "3",
                "classDepth": "0",
                "classRate": "0",
                "compMeanRate": "93",
                "compDepth": "49.0499992",
                "classRelease": "0",
                "armsLocked": "0",
                "bodyWeight": "0"
            }
        },
        {
            "start": "00:01:48.010",
            "end": "00:01:48.480",
            "annotations": {
                "compReleaseDepth": "5",
                "classDepth": "0",
                "classRate": "0",
                "compMeanRate": "92",
                "compDepth": "48.0999985",
                "classRelease": "0",
                "armsLocked": "0",
                "bodyWeight": "0"
            }
        },
        {
            "start": "00:01:48.600",
            "end": "00:01:49.060",
            "annotations": {
                "compReleaseDepth": "4.5",
                "classDepth": "0",
                "classRate": "0",
                "compMeanRate": "96",
                "compDepth": "46.8999977",
                "classRelease": "0",
                "armsLocked": "0",
                "bodyWeight": "0"
            }
        },
        {
            "start": "00:01:49.140",
            "end": "00:01:49.690",
            "annotations": {
                "compReleaseDepth": "4.5",
                "classDepth": "0",
                "classRate": "1",
                "compMeanRate": "104",
                "compDepth": "49.0499992",
                "classRelease": "0",
                "armsLocked": "0",
                "bodyWeight": "0"
            }
        },
        {
            "start": "00:01:49.750",
            "end": "00:01:50.220",
            "annotations": {
                "compReleaseDepth": "3",
                "classDepth": "0",
                "classRate": "1",
                "compMeanRate": "103",
                "compDepth": "48.0999985",
                "classRelease": "0",
                "armsLocked": "0",
                "bodyWeight": "0"
            }
        },
        {
            "start": "00:01:50.350",
            "end": "00:01:50.850",
            "annotations": {
                "compReleaseDepth": "3",
                "classDepth": "0",
                "classRate": "1",
                "compMeanRate": "102",
                "compDepth": "44.25",
                "classRelease": "0",
                "armsLocked": "0",
                "bodyWeight": "0"
            }
        },
        {
            "start": "00:01:50.950",
            "end": "00:01:51.430",
            "annotations": {
                "compReleaseDepth": "2.5",
                "classDepth": "0",
                "classRate": "0",
                "compMeanRate": "99",
                "compDepth": "50.4500008",
                "classRelease": "1",
                "armsLocked": "0",
                "bodyWeight": "0"
            }
        },
        {
            "start": "00:01:51.520",
            "end": "00:01:52.030",
            "annotations": {
                "compReleaseDepth": "4.5",
                "classDepth": "0",
                "classRate": "1",
                "compMeanRate": "103",
                "compDepth": "51.8199997",
                "classRelease": "1",
                "armsLocked": "0",
                "bodyWeight": "0"
            }
        },
        {
            "start": "00:01:52.080",
            "end": "00:01:52.520",
            "annotations": {
                "compReleaseDepth": "5",
                "classDepth": "0",
                "classRate": "1",
                "compMeanRate": "103",
                "compDepth": "47.1399994",
                "classRelease": "0",
                "armsLocked": "0",
                "bodyWeight": "0"
            }
        },
        {
            "start": "00:01:52.650",
            "end": "00:01:53.110",
            "annotations": {
                "compReleaseDepth": "3",
                "classDepth": "0",
                "classRate": "1",
                "compMeanRate": "107",
                "compDepth": "45.2399979",
                "classRelease": "0",
                "armsLocked": "0",
                "bodyWeight": "0"
            }
        },
        {
            "start": "00:01:53.180",
            "end": "00:01:53.670",
            "annotations": {
                "compReleaseDepth": "3.5",
                "classDepth": "0",
                "classRate": "1",
                "compMeanRate": "107",
                "compDepth": "47.1399994",
                "classRelease": "0",
                "armsLocked": "0",
                "bodyWeight": "0"
            }
        },
        {
            "start": "00:01:53.750",
            "end": "00:01:54.220",
            "annotations": {
                "compReleaseDepth": "3",
                "classDepth": "0",
                "classRate": "1",
                "compMeanRate": "108",
                "compDepth": "44",
                "classRelease": "0",
                "armsLocked": "0",
                "bodyWeight": "0"
            }
        },
        {
            "start": "00:01:54.330",
            "end": "00:01:54.760",
            "annotations": {
                "compReleaseDepth": "3.5",
                "classDepth": "0",
                "classRate": "1",
                "compMeanRate": "107",
                "compDepth": "49.0499992",
                "classRelease": "0",
                "armsLocked": "0",
                "bodyWeight": "0"
            }
        },
        {
            "start": "00:01:54.870",
            "end": "00:01:55.360",
            "annotations": {
                "compReleaseDepth": "3.5",
                "classDepth": "0",
                "classRate": "1",
                "compMeanRate": "106",
                "compDepth": "51.1399994",
                "classRelease": "1",
                "armsLocked": "0",
                "bodyWeight": "0"
            }
        },
        {
            "start": "00:01:55.470",
            "end": "00:01:55.910",
            "annotations": {
                "compReleaseDepth": "5",
                "classDepth": "0",
                "classRate": "1",
                "compMeanRate": "105",
                "compDepth": "49.0499992",
                "classRelease": "0",
                "armsLocked": "0",
                "bodyWeight": "0"
            }
        },
        {
            "start": "00:01:56.530",
            "end": "00:01:57.090",
            "annotations": {
                "compReleaseDepth": "5",
                "classDepth": "0",
                "classRate": "0",
                "compMeanRate": "87",
                "compDepth": "58.0999985",
                "classRelease": "1",
                "armsLocked": "1",
                "bodyWeight": "1"
            }
        },
        {
            "start": "00:01:57.180",
            "end": "00:01:57.630",
            "annotations": {
                "compReleaseDepth": "6.10999966",
                "classDepth": "1",
                "classRate": "0",
                "compMeanRate": "85",
                "compDepth": "60.2299995",
                "classRelease": "0",
                "armsLocked": "1",
                "bodyWeight": "1"
            }
        },
        {
            "start": "00:01:57.770",
            "end": "00:01:58.230",
            "annotations": {
                "compReleaseDepth": "4",
                "classDepth": "0",
                "classRate": "0",
                "compMeanRate": "84",
                "compDepth": "61.1399994",
                "classRelease": "0",
                "armsLocked": "1",
                "bodyWeight": "1"
            }
        },
        {
            "start": "00:01:58.350",
            "end": "00:01:58.830",
            "annotations": {
                "compReleaseDepth": "6.38999987",
                "classDepth": "1",
                "classRate": "1",
                "compMeanRate": "101",
                "compDepth": "58.8099976",
                "classRelease": "1",
                "armsLocked": "1",
                "bodyWeight": "1"
            }
        },
        {
            "start": "00:01:58.900",
            "end": "00:01:59.480",
            "annotations": {
                "compReleaseDepth": "6.10999966",
                "classDepth": "1",
                "classRate": "1",
                "compMeanRate": "100",
                "compDepth": "50.4500008",
                "classRelease": "1",
                "armsLocked": "1",
                "bodyWeight": "1"
            }
        },
        {
            "start": "00:01:59.530",
            "end": "00:02:00.040",
            "annotations": {
                "compReleaseDepth": "4.5",
                "classDepth": "0",
                "classRate": "1",
                "compMeanRate": "101",
                "compDepth": "58.329998",
                "classRelease": "1",
                "armsLocked": "1",
                "bodyWeight": "1"
            }
        },
        {
            "start": "00:02:00.130",
            "end": "00:02:00.630",
            "annotations": {
                "compReleaseDepth": "5.55999994",
                "classDepth": "1",
                "classRate": "1",
                "compMeanRate": "100",
                "compDepth": "62.9499969",
                "classRelease": "0",
                "armsLocked": "1",
                "bodyWeight": "1"
            }
        },
        {
            "start": "00:02:00.690",
            "end": "00:02:01.250",
            "annotations": {
                "compReleaseDepth": "6.94000006",
                "classDepth": "1",
                "classRate": "1",
                "compMeanRate": "101",
                "compDepth": "58.329998",
                "classRelease": "1",
                "armsLocked": "1",
                "bodyWeight": "1"
            }
        },
        {
            "start": "00:02:01.290",
            "end": "00:02:01.810",
            "annotations": {
                "compReleaseDepth": "6.94000006",
                "classDepth": "1",
                "classRate": "1",
                "compMeanRate": "102",
                "compDepth": "58.5699997",
                "classRelease": "1",
                "armsLocked": "1",
                "bodyWeight": "1"
            }
        },
        {
            "start": "00:02:01.880",
            "end": "00:02:02.390",
            "annotations": {
                "compReleaseDepth": "6.10999966",
                "classDepth": "1",
                "classRate": "1",
                "compMeanRate": "101",
                "compDepth": "56.4300003",
                "classRelease": "1",
                "armsLocked": "1",
                "bodyWeight": "1"
            }
        },
        {
            "start": "00:02:02.510",
            "end": "00:02:02.980",
            "annotations": {
                "compReleaseDepth": "5",
                "classDepth": "0",
                "classRate": "1",
                "compMeanRate": "101",
                "compDepth": "57.1399994",
                "classRelease": "1",
                "armsLocked": "1",
                "bodyWeight": "1"
            }
        },
        {
            "start": "00:02:03.070",
            "end": "00:02:03.560",
            "annotations": {
                "compReleaseDepth": "7.5",
                "classDepth": "1",
                "classRate": "1",
                "compMeanRate": "101",
                "compDepth": "56.1899986",
                "classRelease": "1",
                "armsLocked": "1",
                "bodyWeight": "1"
            }
        },
        {
            "start": "00:02:03.690",
            "end": "00:02:04.210",
            "annotations": {
                "compReleaseDepth": "7.5",
                "classDepth": "1",
                "classRate": "1",
                "compMeanRate": "100",
                "compDepth": "56.4300003",
                "classRelease": "1",
                "armsLocked": "1",
                "bodyWeight": "1"
            }
        },
        {
            "start": "00:02:04.300",
            "end": "00:02:04.790",
            "annotations": {
                "compReleaseDepth": "7.21999979",
                "classDepth": "1",
                "classRate": "0",
                "compMeanRate": "99",
                "compDepth": "55.9499969",
                "classRelease": "1",
                "armsLocked": "1",
                "bodyWeight": "1"
            }
        },
        {
            "start": "00:02:04.880",
            "end": "00:02:05.400",
            "annotations": {
                "compReleaseDepth": "6.10999966",
                "classDepth": "1",
                "classRate": "0",
                "compMeanRate": "99",
                "compDepth": "60.6800003",
                "classRelease": "0",
                "armsLocked": "1",
                "bodyWeight": "1"
            }
        },
        {
            "start": "00:02:05.480",
            "end": "00:02:06.020",
            "annotations": {
                "compReleaseDepth": "5.27999973",
                "classDepth": "1",
                "classRate": "1",
                "compMeanRate": "101",
                "compDepth": "60.6800003",
                "classRelease": "0",
                "armsLocked": "1",
                "bodyWeight": "1"
            }
        },
        {
            "start": "00:02:06.070",
            "end": "00:02:06.580",
            "annotations": {
                "compReleaseDepth": "6.10999966",
                "classDepth": "1",
                "classRate": "1",
                "compMeanRate": "101",
                "compDepth": "56.4300003",
                "classRelease": "1",
                "armsLocked": "1",
                "bodyWeight": "1"
            }
        },
        {
            "start": "00:02:06.640",
            "end": "00:02:07.200",
            "annotations": {
                "compReleaseDepth": "5",
                "classDepth": "0",
                "classRate": "1",
                "compMeanRate": "101",
                "compDepth": "59.5200005",
                "classRelease": "1",
                "armsLocked": "1",
                "bodyWeight": "1"
            }
        }
    ]
}